Conteúdo,Título do vídeo,Horário de publicação do vídeo,Duração,Visualizações intencionais,Duração média da visualização,Continuaram assistindo (%),Média de visualizações por espectador,Novos espectadores,Espectadores recorrentes,Visualizações,Tempo de exibição (horas),Inscritos,Impressões,Taxa de cliques de impressões (%)
Total,,,,154042,0:03:54,64.42,0,0,0,155407,10022.2295,1788,1722932,3.44
Zo7Ll82R0oQ,Quero saber: O que fazer se um carrapato me picar?,"Jul 6, 2023",294,32969,0:01:57,,,,,32969,1079.0633,145,480137,4.48
SYbcvVgQpVE,"Aula Magna: formação universitária, relações étnico-raciais e esperança","May 7, 2025",9428,2201,0:18:47,,,,,2201,689.21,121,14678,5.82
7i-XVDZDFh4,"Aula Magna:""Cartas à juventude universitária: como cuidar (e receber cuidado) da nossa saúde mental""","Oct 30, 2024",11246,1595,0:21:33,,,,,1595,573.1108,30,23746,3.63
j4w3TEr21pM,Segundo Debate - Pesquisa Eleitoral - Gestão 2025-2029,"Aug 30, 2024",7590,1502,0:19:32,,,,,1502,489.147,18,10521,4.5
knCShFe6Zuk,Quero saber – O que é ser uma pessoa trans? E quais as origens da transfobia?,"Nov 27, 2023",205,23583,0:01:04,,,,,23583,423.549,68,20025,2.26
vGDSPf3SBS4,Primeiro Debate - Pesquisa eleitoral - Gestão 2025-2029,"Aug 26, 2024",6233,1629,0:14:44,,,,,1629,400.3269,25,9396,5.98
i70zcWr5qRE,Ética na Pesquisa,"Feb 19, 2024",1052,3799,0:04:45,,,,,3799,300.8381,50,12351,9.62
W7FT3-rRn60,"Conexão Federal: Mulheres da família Prestes, com Anita Prestes","Nov 21, 2023",4064,1388,0:12:26,,,,,1388,287.8927,24,19271,4.36
qoJlRObrl74,Reunião Extraordinária do ConsUni,"Dec 13, 2024",16021,400,0:32:04,,,,,400,213.8178,7,2492,8.75
MIXJLteZPdM,UFSCar 55 anos,"Mar 14, 2025",10613,1141,0:11:12,,,,,1141,213.0267,37,5850,7.62
gKEbTs1YkXo,Quero saber - O que faz um Gestor Ambiental?,"Feb 5, 2024",814,3106,0:04:00,,,,,3106,207.3671,64,33686,4.58
v3v9TRTebAo,Audiência pública - ConsUni,"Apr 25, 2025",11021,486,0:20:06,,,,,486,162.906,8,3068,6.13
iL-xUmp9xGs,Cerimônia solene de posse da Gestão 2025-2029,"Jan 18, 2025",8151,795,0:11:54,,,,,795,157.8427,4,10570,3.46
1vtg3NtBfgA,Conferência IEAE - Universidade para o futuro,"Sep 24, 2024",11876,410,0:20:45,,,,,410,141.8469,16,9573,1.81
u9nFodo3qZY,Conheça a UFSCar,"Jun 6, 2023",457,3506,0:02:21,,,,,3506,137.6067,17,30736,5.34
sgZBAnJIM8U,"#6 - Conheça como funciona a Eletroterapia, recurso fisioterapêutico usado com finalidades variadas","Feb 15, 2022",1100,1974,0:04:05,,,,,1974,134.3743,22,23115,3.44
PlKu1JPMcJ0,SEGrad: Mesa Redonda: A Utilização da Inteligência Artificial no Ensino de Graduação,"Nov 13, 2024",8508,453,0:16:18,,,,,453,123.0689,20,11564,1.52
4F2mnnVPEz0,"Abertura e Mesa: Ensino, Extensão e Pesquisa na UFSCar: um olhar para o futuro da indissociabilidade","Nov 12, 2024",9662,452,0:15:14,,,,,452,114.8186,7,7943,1.52
QAQ1U3gAyDE,SeGrad | UFSCar 2025: Interprofissionalidade no Ensino da Graduação,"Apr 30, 2025",11618,254,0:24:18,,,,,254,102.8727,9,5241,2.4
8qyDVo88fSY,Anita no acervo de Prestes: histórias que viajam no tempo,"Oct 30, 2023",1116,1122,0:05:17,,,,,1122,98.9941,17,4741,4.01
W1__9YBMAYc,Roda de conversa –  Ciência e Humano,"Sep 20, 2024",8393,288,0:19:31,,,,,288,93.7473,0,16342,0.67
7kboUIzK9RU,PIBID forma licenciandos para a docência em sala de aula,"Mar 9, 2023",408,1693,0:03:18,,,,,1693,93.3394,14,11540,6.92
PDvF70g6kpo,ICC Entrevista - Vera Cêpeda sobre o Prêmio Nobel de Economia 2024,"Oct 21, 2024",1565,791,0:06:36,,,,,791,87.2181,19,10972,4.19
jZVaCgOTn4s,Universidade para o Futuro - Os desafios para a Pós-Graduação,"May 26, 2025",9207,225,0:22:34,,,,,225,84.6446,4,1573,6.42
SkUIZ7l78J4,"ICC Entrevista - André Moura, sobre o Prêmio Nobel de Química 2024","Oct 10, 2024",2128,647,0:07:36,,,,,647,82.1215,19,12750,2.46
yrjJGBco2iE,Reunião Extraordinária do ConsUni,"May 30, 2025",11109,199,0:23:07,,,,,199,76.7177,1,1967,5.24
gg8gtDqfwI4,281ª Reunião Ordinária do Conselho Universitário,"Apr 25, 2025",14169,190,0:23:12,,,,,190,73.4846,2,2389,5.44
wEvT2v0rVdw,Quero saber - Quem tem Doença Pulmonar Obstrutiva Crônica deve praticar atividades físicas?,"Nov 20, 2023",338,1598,0:02:23,,,,,1598,63.659,27,17368,7.57
7gD8z-tutRI,279ª Reunião Ordinária do Conselho Universitário,"Dec 6, 2024",13223,163,0:23:19,,,,,163,63.358,0,1768,5.43
BWuHJW7cdlw,Palestra Bolsas de Estudos no Japão - MEXT 2026,"Apr 10, 2025",4519,397,0:09:09,,,,,397,60.5933,21,6775,1.74
Om4ajW2eXvM,116ª Reunião Ordinária do CoG,"Apr 8, 2025",12891,160,0:22:01,,,,,160,58.7186,0,6810,1.48
2E0iUL9ib9U,Como prevenir a violência nas escolas?,"Apr 19, 2023",7332,518,0:06:24,,,,,518,55.3751,8,1124,5.6
cY13zKtPZU8,Homenagem Prof. Elson Longo - A química em materiais: da teoria à inovação,"Apr 4, 2025",12762,252,0:13:06,,,,,252,55.0763,4,1980,3.84
fzVqOFstSXU,UFSCar conta Sua História - Oswaldo Baptista Duarte Filho,"Mar 13, 2025",4686,229,0:14:06,,,,,229,53.856,0,1821,3.29
D2PHt58ILxY,Quero saber – Ecoturismo é apenas o turismo na natureza?,"Jan 16, 2024",998,560,0:05:45,,,,,560,53.7077,10,3683,6.79
t3lLTJafTus,20ª Reunião Ordinária do Conselho de Gestão de Pessoas,"Feb 4, 2025",7567,139,0:22:23,,,,,139,51.8705,0,1630,5.4
dY9_Dx0cUnw,280ª Reunião Ordinária do Conselho Universitário,"Feb 28, 2025",12527,172,0:17:54,,,,,172,51.3577,1,1816,4.57
dEOZASkW2og,2ª chamada SiSU - Entenda a lista e a movimentação das vagas!,"Mar 12, 2024",418,1842,0:01:37,,,,,1842,49.6525,16,1532,9.4
G3KKorcnJxs,Reunião extraordinária do ConsUni,"Nov 22, 2024",11832,155,0:18:09,,,,,155,46.917,0,3384,3.07
eZGpypYyn14,"Workshop ""Biologia Quântica - o surgimento de um novo paradigma""","Feb 12, 2025",8777,238,0:10:52,,,,,238,43.1308,4,2305,3.73
H8irSMXRJDM,Quero saber - O que é voyeurismo?,"Jan 29, 2024",161,2085,0:01:13,,,,,2085,42.6284,9,3112,7.58
0CuIK9feeq4,Sessão Pública de Apuração,"Sep 5, 2024",1380,520,0:04:47,,,,,520,41.4937,10,4159,4.57
D2CmDozpxr4,163ª Reunião Ordinária do conselho de Pós-Graduação da UFSCar,"Jun 25, 2025",11865,108,0:22:56,,,,,108,41.2933,1,2228,2.06
03ig9-t4oy0,19ª Reunião Ordinária do Conselho de Gestão de Pessoas (CoGePe) da UFSCar,"Nov 13, 2024",6272,108,0:22:26,,,,,108,40.3861,1,1031,6.4
irgAOg783VU,CORPOREIDADES DISSIDENTES NA UNIVERSIDADE EM TEMPOS DE REAFIRMAÇÃO DA DEMOCRACIA,"Mar 13, 2025",6570,131,0:17:59,,,,,131,39.2685,3,2268,2.03
SSMMBsFF_T4,"IMPORTÂNCIA DOS FEMINISMOS PARA A CONSTRUÇÃO DA JUSTIÇA SOCIAL, NO COTIDIANO DAS MULHERES","Mar 12, 2025",7082,152,0:14:37,,,,,152,37.0365,14,3918,1.02
DhdyPeqSBp0,Reunião Extraordinária do CoG,"Jan 14, 2025",12142,177,0:12:04,,,,,177,35.5998,0,7572,1.43
YLJ64eptYp8,Max e sua turma em: Descobrindo o Mar - Episódio 1 - O mar que a gente respira,"Oct 17, 2023",755,661,0:03:10,,,,,661,34.9081,13,2074,9.59
XWhmiF2JMDI,Palestra: Pedagogia do arquivo: produção e difusão do conhecimento na era da inteligência artificial,"Nov 14, 2024",6509,213,0:09:48,,,,,213,34.8372,8,5192,1.46
8oiWAozwyP4,Palestra –  Reconhecimento de saberes e reexistência epistemológica  transformar a universidade,"Sep 20, 2024",7574,151,0:13:49,,,,,151,34.7979,0,3549,1.21
0KzVK-dcZe8,21ª Reunião Ordinária do CoGePe - Conselho de Gestão de Pessoas,"Apr 2, 2025",3494,133,0:15:31,,,,,133,34.4201,1,1077,4.46
gxPlezKh4-k,Feira de Oportunidades 24 - Da UFSCar à Liderança na Amdocs: Inspire-se com essa Jornada de Sucesso!,"Nov 6, 2024",7674,163,0:12:21,,,,,163,33.5763,1,3942,1.47
BZlhhXma2bY,Diálogos Avançados - De Que Falamos Quando Falamos de Antropoceno,"Oct 17, 2024",6665,141,0:14:07,,,,,141,33.1949,6,4243,1.72
7y06N5CiHjI,Quero saber - Como o PNLD contribui para a qualidade do livro didático no Brasil?,"Oct 2, 2023",339,721,0:02:42,,,,,721,32.621,14,8698,5.44
bQ6SW5yZJb4,Venha estudar na UFSCar! Esta Universidade é para você!,"Aug 20, 2024",343,1046,0:01:51,,,,,1046,32.3562,11,12127,5.48
LNVxwyhsp70,Debate em 28/5 abordará inclusão epistemológica e Ciência antirracista,"May 28, 2025",12164,136,0:14:14,,,,,136,32.2999,4,2370,2.83
Lr6VqPNI6ek,72ª Reunião Ordinária do Conselho de Administração,"Nov 8, 2024",10058,131,0:13:49,,,,,131,30.181,0,5046,1.43
qE-mB6AZ5Sw,Îandê YBY (Somos a Terra) e Não Donos Dela - Já somos um outro mundo possível,"Oct 16, 2024",5856,175,0:09:51,,,,,175,28.7507,1,1814,3.69
T7tC4_r9i_4,Max e sua turma em: Descobrindo o Mar - Episódio 2 – O plástico a caminho do mar,"May 8, 2024",906,336,0:04:52,,,,,336,27.3423,5,2506,6.26
YbTz4U8cDLU,Reunião Extraordinária do ConsUni em conjunto com o CoAd,"Jun 7, 2025",6274,91,0:17:39,,,,,91,26.783,1,2027,2.47
lh0dNmFM-Po,Conferência IEAE - Universidade para o Futuro,"Aug 27, 2024",9366,183,0:08:33,,,,,183,26.1058,2,5055,1.82
FHJZeq4Apeg,22ª Reunião Ordinária do Conselho de Gestão de Pessoas,"Jun 4, 2025",4099,81,0:18:42,,,,,81,25.2581,0,2825,1.31
qdLWu7H3EFY,Quero saber - Genética da Conservação: o que é e para que serve?,"Nov 6, 2023",1171,265,0:05:34,,,,,265,24.6227,4,1452,6.4
zPpM_2Wcf20,Lançamento do livro de 30 anos da EdUFSCar,"Apr 24, 2025",6317,121,0:11:51,,,,,121,23.9128,0,2990,2.74
2SuV46-kxDo,282ª Reunião Ordinária do Conselho Universitário,"Jun 28, 2025",7192,90,0:15:16,,,,,90,22.9084,0,804,7.09
ASskJxdDc1M,UFSCar conta Sua História - Luiz Antônio Tonin,"Mar 13, 2025",2354,324,0:04:05,,,,,324,22.0969,0,2874,1.77
Ye0HIF2wMsM,Quero saber – Quais os tipos de assédio mais comuns?,"Oct 16, 2023",173,845,0:01:34,,,,,845,22.0669,10,6763,5.9
gTEqenrvnTo,ICC Entrevista - Prêmio Nobel de Literatura 2024,"Oct 10, 2024",482,497,0:02:38,,,,,497,21.9238,7,7221,1.66
n3pd9yoFsDs,73ª Reunião Ordinária do Conselho de Administração - CoAd,"Mar 28, 2025",7640,99,0:13:15,,,,,99,21.8781,0,2208,2.4
HLsl1YRrSRI,Quero saber - O que é Linguagem Simples?,"Dec 12, 2023",546,405,0:03:13,,,,,405,21.7793,11,3659,7.16
rEdzv-Vwtg8,"Quero saber - Acupuntura, fitoterápicos, aromaterapia: a que - e quem - servem as PICs no SUS?","Nov 13, 2023",1061,249,0:05:10,,,,,249,21.4551,8,1415,7.56
L9WLzrVpYHs,278ª Reunião Ordinária do ConsUni,"Oct 18, 2024",14314,97,0:13:16,,,,,97,21.4531,0,3038,1.94
sw-QecZ_omk,80ª Reunião Ordinária do CoACE,"Apr 1, 2025",9492,78,0:16:30,,,,,78,21.4515,2,4644,0.86
WEPzQ3uRIHE,Unidade Saúde Escola da UFSCar comemora 20 anos,"May 5, 2025",805,479,0:02:38,,,,,479,21.1557,0,3153,2.51
ZHaf-Fq4M3Y,"Max e sua turma em: Descobrindo o Mar - Episódio 3 – Vento quente, chuva fria","May 8, 2024",750,289,0:04:23,,,,,289,21.138,1,2167,6.32
vAPbQYgmDmg,Reitora da UFSCar fala de investimentos na consolidação dos 4 campi da UFSCar,"Jul 30, 2024",851,247,0:04:50,,,,,247,19.9175,2,2921,1.68
3Rcl_u__Eko,Quero saber - O que faz um Gestor Ambiental?,"Feb 5, 2024",60,1767,0:00:40,69.77,,,,2029,19.8118,7,30554,3.4
fJxZKTOu1-M,Quero saber - Como e por que a transfobia mata?,"Nov 28, 2023",843,336,0:03:31,,,,,336,19.774,2,4384,4.36
LpL8gmveXLs,Anita no acervo de Prestes: histórias que viajam no tempo,"Oct 30, 2023",60,1467,0:00:48,81.33,,,,1655,19.6114,8,32282,3.13
cPbfr8YLJ1c,Reunião Extraordinária do Conselho Universitário,"Sep 20, 2024",10020,73,0:15:19,,,,,73,18.6364,0,1921,2.19
YdJHXMAGcnQ,117ª Reunião Ordinária do CoG,"Jun 17, 2025",12271,63,0:17:40,,,,,63,18.5663,1,4836,0.74
QhfV_P7smgo,Quero saber - Gordofobia: é crime ou é bobagem?,"Oct 23, 2023",810,361,0:03:04,,,,,361,18.5198,4,8147,3.2
QMEpacsELG8,Diálogos Avançados - Vida e Energia,"Oct 18, 2024",6081,108,0:10:14,,,,,108,18.4488,1,6075,1.04
kvvta2OGWu4,113ª Reunião Ordinária do Conselho de Graduação,"Oct 22, 2024",11250,76,0:14:25,,,,,76,18.2752,1,2422,2.02
0vm-FfIpKTM,Quero saber - Livro didático em escola pública: presta ou não presta?,"Oct 2, 2023",1195,252,0:04:14,,,,,252,17.8006,6,739,4.06
AIDeSoHnV8Y,2ª Sessão da 113ª Reunião Ordinária do Conselho de Graduação,"Oct 23, 2024",8265,90,0:11:47,,,,,90,17.6925,0,1625,3.45
_NlPx4wCTlE,Quero saber – De onde surge e como se perpetua o machismo?,"Oct 9, 2023",716,389,0:02:43,,,,,389,17.6328,1,627,5.1
kxAD8A4CDnI,162a Reunião Ordinária do Conselho de Pós-Graduação da UFSCar,"Apr 30, 2025",8424,104,0:10:08,,,,,104,17.5834,-1,3803,1.84
VWxQOSCNWyI,Conselhos Superiores - Sessão Pública de apuração dos votos,"Nov 15, 2024",1457,218,0:04:49,,,,,218,17.5255,2,1425,3.86
jdUhRfZGPSY,"Diálogos Avançados - Urbanização Planetária, Ecologias e Desigualdades","Oct 18, 2024",7361,77,0:13:14,,,,,77,16.9847,1,4431,1.02
4g9nD1TUqNc,Inspirando Novas Gerações: O Papel da Educação na Construção de um Futuro Mais Justo,"Nov 7, 2024",5568,91,0:11:09,,,,,91,16.9233,1,1704,3.93
0-i4AsIq3HM,2ª Sessão da 112ª Reunião Ordinária do CoG,"Aug 27, 2024",6707,87,0:11:18,,,,,87,16.3977,0,5473,1.08
m8niCj1ekOs,Projeto no Colégio de Aplicação da UFSCar envolve crianças na prática de compostagem,"Dec 17, 2024",327,517,0:01:53,,,,,517,16.2676,3,7848,0.82
8MVb8eHfIGo,Reunião Conselho de Ações Afirmativas Diversidade e Equidade (CAADE),"Sep 12, 2024",7208,94,0:10:20,,,,,94,16.204,1,4143,0.92
79bseeYHtIk,Conheça a FAI UFSCar!,"Feb 19, 2025",389,386,0:02:30,,,,,386,16.159,1,2571,4.71
J_pTvheBg2s,Constituição da cédula de votação e lista de votantes,"Sep 3, 2024",1214,361,0:02:36,,,,,361,15.721,1,3980,2.06
cgqyU1BDMoc,I Encontro de pesquisas em terapia ocupacional  PPGTO - UFSCar (1º dia),"Jun 13, 2024",30286,97,0:09:31,,,,,97,15.4099,4,1381,3.11
KgG3UJO4tg4,Quero saber - Esportes Paralímpicos,"Sep 25, 2023",880,315,0:02:54,,,,,315,15.2329,2,2465,3.53
47a2E0TsZ_s,Feira do Livro EdUFSCar - Desbravando uma teoria incógnita: Debate sobre a educação soviética,"Oct 5, 2021",6726,92,0:09:55,,,,,92,15.2094,2,282,3.19
9KlVPNC2MLw,Live lançamento capacitação 4.0 - 2024,"Oct 19, 2024",2387,146,0:05:59,,,,,146,14.59,2,3783,1.3
7AwzXdXlep4,"Quero saber – Afinal, o que é ecoturismo?","Jan 16, 2024",90,776,0:01:07,,,,,776,14.536,8,4561,10
_CJXT6aLi80,Sob o nascer do Sol - Vídeo 1,"Jul 26, 2024",453,413,0:02:05,,,,,413,14.3484,2,9931,1.47
KhBOZ7HebvI,18a. Reunião Ordinária CoGePe,"Aug 7, 2024",5676,83,0:10:05,,,,,83,13.96,1,2431,1.81
QlV_u8bHsCI,UFSCar conta Sua História - Elisabeth Márcia Martucci,"Mar 13, 2025",2671,117,0:06:53,,,,,117,13.439,0,1747,2.86
Z5YP8mRLMaw,UFSCar conta Sua História - Carlos Eduardo Santa Maria,"Mar 13, 2025",3246,105,0:07:33,,,,,105,13.2223,2,1267,2.6
VdL57KzCyb8,Ética na Pesquisa,"Feb 19, 2024",57,728,0:01:03,82.67,,,,750,12.9445,2,5304,2.02
Hoc3amU79YY,81ª Reunião Ordinária do CoACE,"May 27, 2025",10043,71,0:10:53,,,,,71,12.8832,0,1317,2.35
kllqk6vKjBE,I Encontro de pesquisas em terapia ocupacional PPGTO - UFSCar (2º dia),"Jun 14, 2024",13216,74,0:10:26,,,,,74,12.8813,0,1241,2.5
gHYhnomKTpI,112ª Reunião Ordinária do CoG,"Aug 20, 2024",11983,109,0:06:57,,,,,109,12.6559,0,2429,2.39
GxtKHttUPw0,115ª Reunião Ordinária do CoG,"Feb 26, 2025",7183,69,0:10:55,,,,,69,12.5634,0,1840,2.61
90N4hcoE_ZQ,Quero saber – O que é a Síndrome de Burnout?,"Mar 4, 2024",637,205,0:03:38,,,,,205,12.4277,2,2553,2.31
t1KZ55K6HVI,156ª Reunião Ordinária do Conselho de Extensão,"Dec 5, 2024",11396,89,0:08:07,,,,,89,12.0568,0,2785,1.44
SLMyznXj7vo,MESACAST – O Rastro e o Lastro da Poluição Plástica: da Ciência às decisões políticas sobre praias,"Jun 4, 2025",4148,182,0:03:56,,,,,182,11.9713,3,1949,1.08
_gneMmnLKqc,114ª Reunião Ordinária do Conselho de Graduação,"Dec 11, 2024",6097,152,0:04:41,,,,,152,11.8714,0,2859,2.66
eML-brhhguc,Quero saber – Quais as origens do machismo?,"Oct 9, 2023",232,402,0:01:45,,,,,402,11.7377,3,858,4.31
YIXx2hIb__k,Conheça o UFSCar+Escola,"Oct 11, 2024",416,387,0:01:44,,,,,387,11.2653,5,1867,3.21
xDAwOPGW7wg,Reitora da UFSCar avalia anúncio referente ao Novo PAC e à implantação de novos campi no País,"Jun 11, 2024",878,195,0:03:27,,,,,195,11.2499,2,2608,1.46
TbvRvlRnSY4,UFSCar recebe estudantes estrangeiros pelo GCUB-MOB,"Apr 4, 2023",249,359,0:01:51,,,,,359,11.1582,6,3858,7.21
Bj4lOFlChKg,Reunião do Colégio  Eleitoral,"Oct 26, 2024",3096,148,0:04:30,,,,,148,11.1319,-1,2759,3.88
WGBw5M8QAQg,55 anos de UFSCar pelo mundo,"Mar 25, 2025",373,532,0:01:12,,,,,532,10.6689,2,3148,2.1
I4mkjoOYLyw,"Aula Magna da UFSCar com o Ministro dos Direitos Humanos e da Cidadania, Silvio Almeida","Oct 6, 2023",6869,87,0:07:15,,,,,87,10.5209,0,780,6.03
Z4Y_tN88Tu8,"Quero saber - De Dubai a Belém, via Azerbaijão: o que decidem as COPs?","Jan 22, 2024",862,99,0:06:20,,,,,99,10.4612,0,646,1.24
vhIsr1PG4rg,Egressos e egressas - Vídeo 2,"Jul 26, 2024",336,439,0:01:24,,,,,439,10.2649,1,6928,1.4
wQdba9wdQ0c,Diálogos Avançados - Abertura - As Ciências Diante do Antropoceno,"Oct 16, 2024",2711,139,0:04:25,,,,,139,10.2552,8,2581,2.52
Gt5Dqaqe4QA,#16 – Estudos apontam os benefícios de sensores e biossensores eletroquímicos para detecção de doenç,"Feb 15, 2022",1132,154,0:03:59,,,,,154,10.2464,2,1888,4.03
iDVONs9J_d8,"Qual(is) escola(s), para quem e para o quê? Reflexões sobre Educação brasileira em tempo de pandemia","Aug 25, 2021",5855,990,0:00:37,,,,,990,10.2177,5,139,1.44
vJd4ToKlLpE,79ª Reunião Ordinária do CoACE,"Dec 3, 2024",8127,92,0:06:36,,,,,92,10.1301,1,1987,2.11
asQr2BNYMPI,Diálogos Avançados - Biodiversidade Morte e Vida das Espécies,"Oct 17, 2024",5597,113,0:05:21,,,,,113,10.0801,3,3185,2.17
WGdtD4_wAFM,Dia Internacional das Mulheres e Meninas na Ciência com a cientista Sonia Guimarães,"Feb 11, 2025",359,375,0:01:36,,,,,375,10.0552,2,3563,1.99
ux17DJ8jcpk,Quero saber - E os direitos das pessoas trans no Brasil?,"Nov 27, 2023",208,437,0:01:21,,,,,437,9.8967,6,4037,4.86
h02qvOskO-0,71ª Reunião Ordinária do Conselho de Administração,"Sep 14, 2024",2899,64,0:09:02,,,,,64,9.6454,0,1525,1.9
Ztrwq5x3PKI,Política de Saúde Mental na UFSCar,"May 23, 2024",694,134,0:04:14,,,,,134,9.4731,0,2496,2.12
s9PYH9UGSck,UFSCar conta Sua História - Luciana Pankararu,"Mar 13, 2025",3187,85,0:06:37,,,,,85,9.3969,2,2303,2.04
Q7r2Ze2IWX0,Quero saber - Livro didático em escola pública: presta ou não presta?,"Oct 2, 2023",60,985,0:00:33,67.21,,,,1133,9.2581,10,30631,2
GhpRX_nGJME,Hedging Language: A proxy of Deception in public discourse,"Aug 30, 2024",7527,92,0:06:02,,,,,92,9.2517,3,2456,1.43
yIiMqATqjJw,VOCÊ NA UFSCAR – COMO FAZER A MATRÍCULA?,"Apr 28, 2023",103,565,0:00:58,,,,,565,9.2486,8,2196,17.76
ZaEviiNcPW8,Reitora da UFSCar apresenta obras na Universidade incluídas no Novo PAC,"Jun 20, 2024",729,192,0:02:44,,,,,192,8.7986,2,3332,1.53
pvqabKe3k0I,Obras do Novo PAC avançam e fortalecem infraestrutura da UFSCar,"Apr 14, 2025",319,284,0:01:50,,,,,284,8.6782,2,3741,2.19
1jT4G5lDOhc,77ª Reunião Ordinária do CoACE,"Aug 21, 2024",5860,75,0:06:53,,,,,75,8.6056,0,4449,1.1
MUehaAl86-U,Max and his friends - Discovering the sea: Episode 1 - The sea we breathe,"Oct 24, 2023",755,176,0:02:55,,,,,176,8.5933,0,1085,3.32
raHEwzFaNoY,Quero saber - Que prejuízos causa a não regulamentação da profissão de Gestor ou Gestora Ambiental?,"Feb 5, 2024",217,258,0:01:56,,,,,258,8.3298,5,1973,5.42
mOZqIdvL3QA,Estudantes falam do papel da Iniciação Científica em sua formação,"Nov 6, 2024",354,630,0:00:47,,,,,630,8.3068,0,3035,1.12
AXYIOZJd0zY,Quero saber: Existe vacina contra a febre maculosa?,"Jul 6, 2023",189,384,0:01:17,,,,,384,8.2852,1,6101,3.69
88KbcatOeHc,Quero saber – Como Surgiram os Jogos Paralímpicos?,"Sep 25, 2023",363,238,0:02:03,,,,,238,8.1491,3,2011,2.44
k2NWUJpwrug,Sob o pôr do Sol - Vídeo 3,"Jul 26, 2024",501,204,0:02:17,,,,,204,7.7829,0,3252,1.54
N_fEKBy8i7A,Reunião extraordinária do Conselho Universitário,"Sep 14, 2024",1659,90,0:05:08,,,,,90,7.7066,0,1459,4.25
C2udT4m7vIQ,78ª Reunião Ordinária CoACE,"Oct 22, 2024",7813,80,0:05:44,,,,,80,7.6496,0,2972,0.98
r-fzo7iqo0Y,Pró-Reitoria de Extensão está com quatro editais abertos,"Dec 12, 2024",357,261,0:01:40,,,,,261,7.308,1,3722,0.89
Bcz6V9yaCow,Trilhas da Inovação - Ep.2 - Escala TRL - Grau de maturidade tecnológica,"Oct 11, 2023",258,235,0:01:49,,,,,235,7.118,4,1479,7.37
znKcGhN_5-Y,Quero saber - Quais são os desafios para a implementação segura das PICs no SUS?,"Nov 13, 2023",170,277,0:01:32,,,,,277,7.115,4,2761,7.5
iF5PG-AquvE,Reunião Extraordinária do Conselho Universitário,"Aug 10, 2024",5500,54,0:07:42,,,,,54,6.9413,0,1589,1.95
9jd1WT8rMZI,161ª Reunião Ordinária do conselho de Pós-Graduação da UFSCar,"Feb 26, 2025",10578,58,0:07:02,,,,,58,6.8052,0,1756,1.71
9CMY_eRy7xY,Quero saber -  Como a doença afeta o cérebro?,"Sep 18, 2023",269,204,0:01:58,,,,,204,6.7367,1,1827,3.01
T8Sp1ed5GJc,Físico brasileiro comenta Nobel para a Mecânica Quântica,"Oct 5, 2022",1295,85,0:04:41,,,,,85,6.6538,2,331,4.53
VPgD-pFITxA,Estudantes da UFSCar destacam a importância da iniciação científica,"Jan 9, 2025",499,341,0:01:08,,,,,341,6.4827,2,5246,0.91
WG5sLwrrRJE,IV SIMPOSIO DE PESQUISA EM JUVENTUDE NO BRASIL - Abertura,"Apr 10, 2024",7019,32,0:12:03,,,,,32,6.4312,0,348,4.31
P7mpBSU0j3c,“Boys and girls” e muito mais: projeto da UFSCar interage com estudantes do Ensino Fundamental,"Nov 8, 2024",328,202,0:01:54,,,,,202,6.4091,2,3255,2
ida10vBiius,Quero saber - Gordofobia: é crime ou é bobagem?,"Oct 23, 2023",60,697,0:00:32,66.9,,,,819,6.3156,3,12314,2.84
uCFxkH99no8,"Teaser Formaturas São Carlos 2024 - 27, 28 e 29/05/2024",,85,424,0:00:53,,,,,424,6.2869,4,15,6.67
P66IYgBYDNA,Sob o pôr do Sol - Vídeo 3,"Aug 5, 2024",501,164,0:02:17,,,,,164,6.267,-2,4824,0.93
8Oz2n32TqU8,XIII SEGRAD/UFSCar - Abertura | Inserção Curricular da extensão nos cursos de gradua...,"May 9, 2023",7449,30,0:12:31,,,,,30,6.2607,0,195,5.64
D9p7zzL6dPs,"Max and his friends in: Discovering the Sea - Episode 3 – Hot wind, cold rain","May 8, 2024",750,87,0:04:18,,,,,87,6.2352,1,976,2.05
UmWpeTILy0Q,Quero saber - Linguagem neutra é luta por direitos ou ataque à Língua Portuguesa?,"Dec 12, 2023",1478,76,0:04:52,,,,,76,6.1712,0,699,3.58
R3NszrMKCeo,"Inscrições abertas: Programa Doutorado Sanduíche no Exterior (PDSE), da Capes","Dec 6, 2024",90,368,0:01:00,64.27,,,,388,6.1609,10,2789,2.04
qopf2DCZuQI,Max and his friends in: Discovering the Sea - Episode 2 – Plastic on its way to the sea,"May 8, 2024",906,91,0:04:02,,,,,91,6.1349,0,1364,1.83
V5RSgPyWhFY,"Conexão Federal: Futebóis, diversidade e inclusão, com Osmar Moreira de Souza Júnior","Dec 11, 2023",4032,102,0:03:35,,,,,102,6.0709,3,555,2.7
QvFY9HJorxM,Quero saber - Existem evidências científicas sobre a eficácia das PICs incluídas no SUS?,"Nov 13, 2023",328,148,0:02:25,,,,,148,5.968,2,396,6.06
TUi6zW8CWpc,74ª Reunião Ordinária do CoAd,"Jun 7, 2025",2641,51,0:07:01,,,,,51,5.9672,0,1133,2.29
Ru7Ns3s5Kdg,Cerimônia de entrega do título de Doutor Honoris Causa a Raduan Nassar,"Jul 2, 2021",6767,43,0:08:17,,,,,43,5.9407,0,470,5.32
vBhgjZd4-cM,UFSCar adota CadÚnico para comprovação de renda para o SiSU,"Sep 26, 2024",90,416,0:00:51,100,,,,416,5.905,1,2633,6.27
kTSXghwyCu4,UFSCar recebe novos estudantes,"May 23, 2023",207,226,0:01:33,,,,,226,5.8523,2,2516,6.72
B0pEhUs7vEY,Boletim de Oportunidades - Oportunidades em Um Minuto #6,"Jan 28, 2025",102,837,0:00:24,,,,,837,5.7923,5,2612,1.38
zoSAma8Pk2A,Como enviar sua sugestão de pauta para os produtos de comunicação da UFSCar?,"Jan 24, 2025",205,354,0:00:58,,,,,354,5.7879,3,3881,1.44
pm0rWL6FRg4,Quero saber - Halloween ou Dia do Saci?,"Oct 30, 2023",962,115,0:02:58,,,,,115,5.6943,1,650,6.15
UlRnIsE80MA,Conservação e uso sustentável da água,"Feb 7, 2022",5544,38,0:08:47,,,,,38,5.5674,0,229,5.68
UXzyu5vgHu0,#2 - Estudo analisa o impacto do fogo nos diferentes ecossistemas brasileiros,"Feb 15, 2022",1447,54,0:06:01,,,,,54,5.4239,1,388,6.96
yJ3__PxOlK8,Programa de Assistência Estudantil da UFSCar: o processo de ingresso e as perspectivas futuras,"Mar 21, 2022",5411,47,0:06:53,,,,,47,5.3992,1,343,9.91
4Qrla5OQ00w,Estudo de implantação do novo campus da UFSCar é processo coletivo,"Feb 10, 2025",261,186,0:01:44,,,,,186,5.3878,4,3585,2.65
t_zAtGjTNew,271ª Reunião Ordinária do ConsUni | UFSCar,"Jun 30, 2023",11785,96,0:03:21,,,,,96,5.371,0,320,8.75
PB9g2ClDFDY,Idiomas Sem Fronteiras oferece cursos online para comunidade da UFSCar,"Feb 13, 2023",354,157,0:02:01,,,,,157,5.3126,0,371,4.31
J_61nECp14I,159ª Reunião Ordinária do Conselho de Extensão,"Apr 11, 2025",4762,46,0:06:47,,,,,46,5.2108,1,3009,0.96
NS8y_yGVGxg,Feira do Livro EdUFSCar - Bate-papo com Gabriel Feltran,"Oct 7, 2021",3721,31,0:09:34,,,,,31,4.9461,1,529,3.02
DbhoYVb8JkA,Você sabia que pode usar a sua nota do Enem para cursar uma universidade federal?,"Nov 4, 2024",60,563,0:00:31,60.88,,,,686,4.9206,10,11059,3.75
QlivoVA3wBM,2ª Sessão da 117ª Reunião CoG,"Jun 25, 2025",4180,27,0:10:55,,,,,27,4.9174,-1,701,2
sibO6L58pVI,"Quero saber - E, como cuidar da nossa saúde?","Dec 4, 2023",185,338,0:00:51,,,,,338,4.8494,3,312,0
-345oo7B1uA,157ª Reunião Ordinária do Conselho de Extensão (CoEx) da UFSCa,"Jan 24, 2025",3062,62,0:04:39,,,,,62,4.8051,1,1225,3.27
QlpxUUlEZb0,Quero saber - Desenvolvimento sustentável: solução ou falácia? (Série Clima – Episódio 2),"Feb 26, 2024",1204,67,0:04:08,,,,,67,4.6157,1,976,2.15
5j_yi2yq-Ss,Monitoramento da biodiversidade na Amazônia reúne cientistas e população que vive da Floresta,"Jan 24, 2025",477,123,0:02:12,,,,,123,4.5172,2,8548,0.64
ij2HkwojsEA,Quero saber - Quais os efeitos da transfobia na vida das pessoas e na sociedade?,"Nov 28, 2023",254,150,0:01:42,,,,,150,4.2771,0,1133,2.47
qkxs1rgUpTs,149ª Reunião Ordinária do Conselho de Pós-Graduação | CoPG - UFSCar,"Sep 27, 2023",9568,8,0:31:15,,,,,8,4.1685,0,60,0
OrPBOgcBhIY,O papel das universidades na construção da saúde mental universitária e no fortalecimento da RAPS,"May 18, 2023",8168,34,0:07:11,,,,,34,4.0766,0,258,8.53
i1478WCuC34,Presença indígena na UFSCar: 15 anos de história,"Nov 28, 2023",681,86,0:02:48,,,,,86,4.0367,1,1219,2.95
DQy6aD6v4hs,Conselhos Superiores - Constituição das urnas,"Nov 13, 2024",2746,62,0:03:46,,,,,62,3.8953,0,1065,1.13
8xM0Cmu-OHk,Restaurante Universitário do Campus São Carlos está com novo visual,"Apr 5, 2024",158,204,0:01:01,,,,,204,3.5093,2,1268,7.1
SbTdU9GBLPs,155ª Reunião Extraordinária do Conselho de Extensão,"Nov 7, 2024",8894,38,0:05:30,,,,,38,3.4905,0,1744,1.49
udJNbMTgZUk,UFSCar conta Sua historia - Cláudia de Moraes Barros Ramalho,"Mar 26, 2025",1469,97,0:02:08,,,,,97,3.4742,1,3493,1.29
rYOghoef0J0,EMBRAPII E INOVAÇÃO NA UFSCar: O que é? Como fazer?,"Sep 18, 2023",388,74,0:02:48,,,,,74,3.4645,1,973,3.08
9N2Ne39uG0c,Quero saber – O que é voyeurismo e o que isso tem a ver com reality shows?,"Jan 29, 2024",822,79,0:02:37,,,,,79,3.4644,1,1368,2.27
7a0S_Cy7G8Y,Quero saber – Idade é documento?,"Dec 18, 2023",60,486,0:00:25,59.32,,,,490,3.4129,6,1358,1.03
5BVG96f2NC0,Idiomas sem Fronteiras - Inglês,"Mar 29, 2023",246,152,0:01:19,,,,,152,3.3593,0,460,6.3
Ry8TP3ENC4A,Quero saber - Linguagem neutra é luta por direitos ou ataque à Língua Portuguesa?,"Dec 12, 2023",60,278,0:00:42,69.3,,,,305,3.3071,0,7050,2.04
c21iUEil540,Quero saber - Como ser feliz no momento presente?,"Feb 12, 2024",182,168,0:01:09,,,,,168,3.2517,1,626,1.92
KehacQTw1ss,Quero saber - Por que e como publicar um livro científico por uma editora internacional?,"Jan 8, 2024",817,66,0:02:55,,,,,66,3.224,1,440,2.95
5_3kThMoYDk,SiSU/2021 -Tirando Dúvidas,"Apr 7, 2021",5608,8,0:24:03,,,,,8,3.2087,0,124,2.42
Zh5z3timryk,Biblioteca infantil na BCo UFSCar,"Jul 6, 2023",58,347,0:00:32,60.7,,,,397,3.1865,2,7770,2.5
d0KyJXE02NI,Boletim de Oportunidades - Oportunidades em Um Minuto #4,"Nov 27, 2024",120,275,0:00:41,,,,,275,3.1608,2,1457,1.37
_SX7P9hdd5A,"Conexão Federal: Mulheres da família Prestes, com Anita Prestes","Nov 21, 2023",60,195,0:00:57,78.02,,,,213,3.0963,0,4762,2.23
Cvj8luN3ci0,10 anos do Campus Lagoa do Sino,,192,106,0:01:44,,,,,106,3.0828,2,49,40.82
-7LoFkgVpcE,Na Pauta #55,"May 3, 2022",3262,69,0:02:38,,,,,69,3.0469,1,51,3.92
1XrO3QS8iUk,160ª Reunião Ordinária do CoEx,"May 16, 2025",4011,48,0:03:44,,,,,48,2.9966,0,1770,1.47
wTHsNg8Vmx4,"Quero Saber: Afinal, é possível alcançar um equilíbrio entre desenvolvimento e sustentabilidade?","Feb 26, 2024",457,98,0:01:47,,,,,98,2.9218,0,1004,2.79
Eo44schXrt8,Herbicida sustentável: UFSCar pesquisa alternativa ecológica para o controle de plantas invasoras,"Jun 26, 2025",286,94,0:01:51,,,,,94,2.9108,1,1378,2.1
Ze-23QvHNEo,UFSCar na Área,"Jan 23, 2024",1337,79,0:02:10,,,,,79,2.874,0,1686,2.31
Eflw-ejOqRM,Hino Nacional Libras,"Jul 5, 2023",303,97,0:01:46,,,,,97,2.8712,2,1090,3.12
wqst9LYubLw,Cerimônia de Posse: Nova Equipe de Gestão UFSCar,"Feb 5, 2021",8809,39,0:04:24,,,,,39,2.8703,0,129,17.05
D95m83AdFoc,99ª Reunião Ordinária do Conselho de Graduação (CoG),"Apr 19, 2022",12994,3,0:57:24,,,,,3,2.8701,0,50,6
yN3athOdtho,Quero saber – Qual o caminho da felicidade?,"Feb 12, 2024",703,52,0:03:18,,,,,52,2.8671,1,834,0.84
FxSfkYaUo6o,Quero saber - Como combater o etarismo?,"Dec 18, 2023",144,138,0:01:14,,,,,138,2.851,0,1141,5.78
hI7NB4f9cNw,Quero saber - O que é a região Neotropical?,"Nov 6, 2023",199,85,0:02:00,,,,,85,2.8369,2,471,4.67
bgvkCk138SU,Quero saber - Como combater a transfobia?,"Nov 27, 2023",179,116,0:01:27,,,,,116,2.8141,1,2173,3.45
JGBkUx_qmWo,Boletim de Oportunidades – 3ª Chamada do Proeduca - Denise Silva Vilela,"Oct 24, 2024",213,154,0:01:05,,,,,154,2.8026,1,3040,0.79
IW4UXNwGF2A,"Sentir ou não sentir...: sinal, sensor e significado em materiais e no corpo humano","Aug 9, 2021",5572,171,0:00:58,,,,,171,2.7773,1,128,1.56
dE5D4QO2j08,Formatura Campus São Carlos - CCBS I - 27/05/2024,,168,148,0:01:06,,,,,148,2.7453,0,12,0
lFHfENPvuS0,Quero saber - Quais são os sintomas e as formas de diagnóstico e de recuperação?,"Mar 4, 2024",198,268,0:00:36,,,,,268,2.7427,1,1314,2.51
TsqMCcWpdhQ,Quero saber - Como e quando surgiu o ecoturismo?,"Jan 16, 2024",292,57,0:02:47,,,,,57,2.6557,1,501,4.59
028yTQl9WNc,Redução de danos e combate às violências nas festas universitárias,"May 9, 2023",3788,18,0:08:49,,,,,18,2.6459,0,108,3.7
snzlhfQm1_g,Boletim de Oportunidades-Egresso da UFSCar fala sobre a importância do PIPE-Fapesp para sua empresa,"Jan 22, 2025",166,140,0:01:07,,,,,140,2.6272,1,2496,1.44
kYjboEXxDwY,Reunião Extraordinária do Conselho Universitário 07/12  - ConsUni UFSCar,"Dec 7, 2023",8978,6,0:25:57,,,,,6,2.5959,0,242,0.83
nUoXta-XEjk,148º Reunião Ordinária do Conselho de Pós-Graduação | CoPG - UFSCar,"Aug 30, 2023",10899,6,0:25:46,,,,,6,2.5772,0,78,0
nkfWsVtm3x4,Próxima Gestão: Reitora e Vice-Reitora são indicadas pelo Colégio Eleitoral,"Nov 7, 2024",653,67,0:02:17,,,,,67,2.5627,1,3069,0.59
zEG1735N9jQ,Fazenda Produtiva - UFSCar Lagoa do Sino,"Aug 28, 2020",166,125,0:01:13,,,,,125,2.5535,1,866,9.47
o5qLTL246gk,27 anos da Biblioteca Comunitária da UFSCar,"Aug 16, 2022",367,93,0:01:37,,,,,93,2.518,1,421,8.79
zAp1qZl-LkM,151ª Reunião Ordinária do conselho de Pós-Graduação | CoPG UFSCar,"Dec 13, 2023",8189,9,0:16:33,,,,,9,2.4827,0,209,0.48
anazpZE4LYo,Eleição para discentes no CoG - Apuração,"Aug 9, 2024",466,111,0:01:20,,,,,111,2.4776,-1,2873,0.9
_Ge2oEw_kv0,Parcerias entre Universidade e Empresas resultam em Inovações para a sociedade,"May 16, 2023",385,72,0:02:03,,,,,72,2.4665,0,169,4.14
KF1vO3_c3HE,21ª Edição da Feira de Oportunidades mobiliza 3 mil pessoas,"Nov 21, 2024",317,154,0:00:57,,,,,154,2.4624,0,3775,0.58
VIrRZDbw4tQ,IV SIMPOSIO DE PESQUISA EM JUVENTUDE NO BRASIL - Mesa 5,"Apr 11, 2024",7350,10,0:14:36,,,,,10,2.4342,0,250,1.6
i9PfVeDwKAE,147ª Reunião Ordinária do CoPG | UFSCar,"Jun 28, 2023",8287,9,0:15:59,,,,,9,2.3977,0,83,4.82
BmlNFL9kzzI,VOCÊ NA UFSCAR –  CONHEÇA O SiSU,"Apr 28, 2023",93,138,0:01:01,,,,,138,2.3448,0,785,5.22
ROC1mL5I8LQ,Formatura Campus São Carlos - CCBS III - 27/05/2024,,156,119,0:01:10,,,,,119,2.3188,0,0,
4oLYFhhuHG0,Formatura Campus Lagoa do Sino - 29/06/2024,,287,84,0:01:38,,,,,84,2.3029,3,10,0
82KunxMZLcw,Professora Arlene Corrêa fala sobre o PITE-Fapesp,"Oct 23, 2024",198,121,0:01:08,,,,,121,2.2982,1,2976,1.55
r-4x2BxIp0o,Reunião do Conselho de Administração (CoAd),"May 6, 2022",8592,40,0:03:26,,,,,40,2.2915,0,66,10.61
pZvUIK_RYvs,Sessão solene de outorga do título de Doutor Honoris Causa a Dermeval Saviani,"Dec 6, 2022",9120,13,0:10:33,,,,,13,2.2878,0,170,3.53
b7MY2ibHIIk,Transfobia não cabe na UFSCar,"Nov 29, 2023",131,120,0:01:07,,,,,120,2.2372,1,1416,1.41
DirIDYwrX34,Quero saber – Como combater o machismo?,"Oct 9, 2023",74,276,0:00:29,,,,,276,2.2328,1,1226,7.01
VKDXqVNqpmU,"Inscrições abertas: Programa Doutorado Sanduíche no Exterior (PDSE), da Capes","Dec 6, 2024",90,189,0:00:40,,,,,189,2.1241,2,1888,1.96
4q2sZuZB0L0,EdUFSCar no Ar #5,"Oct 15, 2021",4150,24,0:05:17,,,,,24,2.1158,1,156,9.62
Mz8tew3bCoc,"Mesa Redonda ""Saúde Mental  Antirracista"" | Novembro Negro UFSCar","Nov 28, 2023",10807,18,0:07:02,,,,,18,2.1138,1,246,3.25
2AI9f0iSQ54,2a. Conferência do ciclo “Universidade para o Futuro:  Juventudes: novos desafios do conhecimento.,"Apr 4, 2024",9843,30,0:04:12,,,,,30,2.1026,0,307,3.58
e3n_mf5bY5s,Quero saber – Idade é documento?,"Dec 18, 2023",909,140,0:00:53,,,,,140,2.0847,2,400,0
3w8nV5m84tE,Trilhas da Inovação - Ep.1 - Primeiros passos para registrar uma patente,"Oct 11, 2023",349,82,0:01:31,,,,,82,2.079,0,423,3.78
TDxU5mP7EDw,Grupos da UFSCar é selecionado para apresentação sobre ciência em evento internacional,"Mar 16, 2023",340,49,0:02:30,,,,,49,2.042,2,141,1.42
1NlTqQf_BjQ,Quero saber – O que é voyeurismo e o que isso tem a ver com reality shows?,"Jan 29, 2024",59,202,0:00:36,65.98,,,,221,2.0264,1,1289,2.87
I7cCnB5bOm4,150ª Reunião do Conselho de Pós-Graduação | CoPG UFSCar,"Oct 26, 2023",5642,8,0:15:09,,,,,8,2.0202,0,47,4.26
XXQL8WXhwCM,Tutorial: como solicitar o uso do nome social na UFSCar,"Aug 22, 2023",82,212,0:00:34,,,,,212,2.0132,1,593,7.25
uAdkjn0ss2k,"Quero saber: Afinal de contas, quem causa a febre maculosa?","Jul 6, 2023",886,37,0:03:13,,,,,37,1.9923,0,314,6.05
L9Q4KXoat-I,Eleição de representantes do CoGePe - Constituição das Urnas,"Apr 17, 2025",993,31,0:03:50,,,,,31,1.9844,0,990,1.41
UK48UEZRWzw,VOCÊ NA UFSCAR – CONHEÇA OS CURSOS DA FEDERAL,"Apr 28, 2023",80,154,0:00:45,,,,,154,1.9412,0,1972,5.22
bswJK5MmtYw,UFSCar de Todos os Povos - Etnia Atikum,"Mar 13, 2023",172,87,0:01:20,,,,,87,1.9359,2,280,3.93
fd1yEg47ovE,"Ciência UFSCar - Crise hídrica e matriz energética: Brasil em 2001, 2014, 2021, 2022...","Jul 5, 2021",5797,8,0:14:26,,,,,8,1.9256,0,246,0.41
QnbZuD2gjK8,Quero Saber- Dia de Finados e Dia de los Muertos: o que colonizadores e a Igreja Católica tem a ver?,"Oct 30, 2023",265,103,0:01:07,,,,,103,1.9177,0,361,1.66
BRIlVLSoV_E,Quero saber – O que é a Síndrome de Burnout?,"Mar 4, 2024",60,179,0:00:38,58.33,,,,202,1.9136,0,4255,0.82
9cUsr0-HFjI,9ª Reunião Ordinária do Conselho de Pessoas (CoGePe),"Oct 4, 2022",9371,5,0:22:56,,,,,5,1.9119,0,44,0
sBY7m4lj7SA,"Quero saber – O que aconteceu com o clima no Brasil, nos últimos 60 anos?","Dec 4, 2023",346,138,0:00:49,,,,,138,1.891,0,314,0.64
hAIn8ICnXrs,Quero saber - Como é a trajetória do Brasil nos Jogos Paralímpicos?,"Sep 25, 2023",297,48,0:02:21,,,,,48,1.8829,0,258,0.39
gZbsUpOEEac,EdUFSCar no Ar #12,"Nov 9, 2022",4031,8,0:14:01,,,,,8,1.8695,0,95,3.16
5KyxJYo8V7E,274ª Reunião Ordinária do Conselho Universitário | ConsUni UFSCar,"Dec 15, 2023",11538,26,0:04:18,,,,,26,1.8655,0,162,4.32
Npuqxz5OHmk,17ª Reunião Ordinária do Conselho de Gestão de Pessoas | CoGePe UFSCar,"Feb 6, 2024",7691,17,0:06:27,,,,,17,1.829,0,244,1.64
TTicy__HAKI,2ª Sessão da 1ª Reunião Extraordinária do Conselho de Extensão (CoEx) da UFSCar no ano de 2022,"Mar 10, 2022",11204,8,0:13:30,,,,,8,1.8015,0,34,17.65
 -ig841hw33A,UFSCar de Todos os Povos - Filippo Ghiglieno,"May 18, 2023",230,58,0:01:51,,,,,58,1.8004,0,224,5.36
uVb1KoDVHpE,Quero saber - Por que precisamos de profissionais de Gestão Ambiental?,"Feb 5, 2024",260,67,0:01:36,,,,,67,1.8,0,908,2.42
zQJDQtUQQOk,Quero saber - Halloween ou Dia do Saci?,"Oct 30, 2023",60,203,0:00:31,67.88,,,,210,1.7949,2,3480,1.84
ppOfjVFkjdU,Biblioteca do Campus Lagoa do Sino ganha acervo de Raduan Nassar,"Jun 21, 2022",237,54,0:01:59,,,,,54,1.7927,1,1096,4.11
1qZH5C_B5tY,270ª Reunião Ordinária  do Conselho Universitário (ConsUni),"May 12, 2023",12706,32,0:03:20,,,,,32,1.7865,0,179,2.23
ZahgtoITwaE,Retorno total das atividades presenciais na UFSCar,"Jun 1, 2022",328,66,0:01:36,,,,,66,1.7702,1,1212,5.03
WzpEJ044pGo,"Quero saber - A população está envelhecendo, e agora?","Dec 18, 2023",385,46,0:02:17,,,,,46,1.7612,0,371,0.27
bVbygNPPRDA,Plataforma Alumni - Rede social criada para fortalecer a comunidade UFSCar completa um ano,"Jul 3, 2024",143,125,0:00:49,,,,,125,1.7359,1,2306,0.91
U59NVJsiCXY,Encontro Internacional de Ciência Política Computacional,"Sep 4, 2024",225,129,0:00:48,,,,,129,1.7322,0,6098,0.87
WGBOvbnTfQI,Reunião Extraordinária do Conselho Universitário - 18/12 | ConsUni UFSCar,"Dec 18, 2023",10113,14,0:07:24,,,,,14,1.7271,0,219,1.83
Cpr2B9Oheqo,T2 #9 - Pesquisa investiga acúmulo de mutações no DNA mitocondrial com a idade,"Apr 1, 2022",1321,14,0:07:24,,,,,14,1.7271,0,586,1.71
8kdAPpZkiOQ,Quero saber - Como e por que a transfobia mata?,"Nov 27, 2023",60,173,0:00:35,47.85,,,,178,1.7246,0,3581,1.34
d3EgsjUl-Ls,Depoimento Ângela Lopes - Transformação,"Jan 20, 2023",407,69,0:01:29,,,,,69,1.7073,1,151,9.93
SFd1gjgNI_4,UFSCar inicia processo de renaturalização na região da transfederônica,"Mar 12, 2024",59,260,0:00:23,64.21,,,,286,1.702,1,8395,1.86
RjBFLT2ZH0M,Dossiê – Oceano em Risco – Entrevista com Dayana Moscardi,"Jun 4, 2025",337,72,0:01:23,,,,,72,1.6796,1,4167,0.86
9xOFk9ZwE6o,Por que e como publicar um livro científico por uma editora internacional?,"Jan 8, 2024",60,155,0:00:38,64.02,,,,170,1.6613,1,2573,2.06
zzY-AqfUUTY,Ciência UFSCar - Satélites brasileiros: de CubeSats ao Amazônia-1,"May 20, 2021",5692,12,0:08:16,,,,,12,1.6545,0,311,2.57
Zlx3Dy-_csE,VOCÊ NA UFSCAR – SAIBA COMO INGRESSAR NA UNIVERSIDADE,"Apr 28, 2023",55,180,0:00:33,,,,,180,1.6536,0,1106,8.95
PgsXhbdnnC8,Anita Prestes visita a UFSCar e inaugura mostra sobre Olga e Luís Carlos Prestes,"Aug 29, 2023",59,280,0:00:20,58.85,,,,325,1.6449,0,11305,1.27
hWo5IGSqG-I,Trilhas da Inovação - Ep.6 – Desenho industrial,"Oct 11, 2023",370,55,0:01:46,,,,,55,1.6213,0,347,3.17
mS463ZW7s1g,75º Reunião Ordinária do Conselho de Assuntos Comunitários e Estudantis | CoACE  UFSCar,"Feb 27, 2024",9880,21,0:04:36,,,,,21,1.611,0,197,6.6
OexCBv1HgYg,Feira do Livro EdUFSCar - Bate-papo com Aline Bei,"Oct 8, 2021",3695,10,0:09:20,,,,,10,1.5567,0,121,5.79
GyggyD7TgN0,Idiomas sem Fronteiras - Espanhol,"Apr 5, 2023",164,73,0:01:16,,,,,73,1.5562,0,227,4.41
6llHCoIUJ24,Quero saber - Fitoterápicos funcionam? Quais são vantagens e desvantagens?,"Nov 13, 2023",304,42,0:02:13,,,,,42,1.5518,0,196,4.08
wXqHnrntl0o,HU-UFSCar inaugura 29 leitos de enfermaria e dez de UTI Pediátrica,"May 30, 2023",269,52,0:01:44,,,,,52,1.5116,1,284,4.23
pHoKByFDudw,Quero saber - O que é e como prevenir a Doença Pulmonar Obstrutiva Crônica?,"Nov 20, 2023",60,132,0:00:40,62.5,,,,148,1.4819,1,2837,1.13
9-4B9cwBgLU,Quero saber - Esportes Paralímpicos,"Sep 25, 2023",60,177,0:00:29,44.17,,,,225,1.4668,0,8141,1.07
RqM5TiuJIC8,Boletim de Oportunidades - Edital ProEx de Atividades Culturais 2025,"Dec 17, 2024",102,116,0:00:44,27.65,,,,125,1.4512,0,2361,1.44
8xpc5cVrJxM,EdUFSCar No Ar #10,"Jun 7, 2022",3851,9,0:09:32,,,,,9,1.4316,0,99,4.04
GUkVch71ko0,Capacitismo não cabe na UFSCar,"Dec 20, 2023",128,78,0:01:05,,,,,78,1.4272,2,1728,2.14
gKUx-8RwiHM,Quero saber - Quem decide qual paciente recebe um coração disponível para transplante?,"Sep 4, 2023",723,29,0:02:52,,,,,29,1.3907,0,549,2.73
AtXzDJkx1vY,Depoimento Nicholas Baladore - Transformação,"Jul 31, 2023",337,44,0:01:52,,,,,44,1.3761,0,221,4.98
xM3YRiuAc-M,"Conexão Federal: Internacionalização, com Márcio Weber Paixão","Jan 29, 2024",3497,32,0:02:34,,,,,32,1.3726,0,445,0.9
gQpO9oqq9AM,"Aula Magna ""Ciência, Sonho e Construção de Futuro""","Jun 2, 2022",4457,15,0:05:20,,,,,15,1.3353,0,376,2.13
1Qb4rok_G1I,#9 DIA INTERNACIONAL DAS MULHERES E MENINAS NA CIÊNCIA   ELISHA SILVA DE JESUS,"Feb 11, 2022",1602,28,0:02:51,,,,,28,1.3328,0,68,7.35
_G-bzv6vny0,"Trilhas da Inovação - Ep.3 – Relatório, COEPI e INPI","Oct 11, 2023",344,33,0:02:23,,,,,33,1.3155,1,473,4.65
Uz_FgsWEtlA,"UFSCar cria variedades de alimentos e plantas, no campus Araras","Jun 6, 2023",387,36,0:02:10,,,,,36,1.3028,1,679,1.77
i13nCOnA1KM,Quero saber - O que é e como prevenir a Doença Pulmonar Obstrutiva Crônica?,"Nov 20, 2023",556,25,0:03:05,,,,,25,1.2914,1,683,2.05
C8NJv-nM7ms,Boletim de Oportunidades - Fábrica de Ideias,"Oct 23, 2024",69,139,0:00:33,61.11,,,,140,1.291,2,1767,1.13
 -q8lNNmqK9Y,#14 – Estudo avalia riscos trazidos por obesidade abdominal e perda de força muscular em idosos,"Feb 15, 2022",1457,11,0:07:00,,,,,11,1.2846,0,243,2.47
5nLZL6w3ru0,Max y sus amigos en: Descubriendo el Mar - Episodio 2 – Plástico camino al mar,"May 8, 2024",906,35,0:02:11,,,,,35,1.275,0,1254,1.2
rKzS3y8XGyY,UFSCar realiza Feira de Oportunidades,"Jul 4, 2023",269,38,0:02:00,,,,,38,1.2723,0,481,4.16
LMVzkIcC36A,Formatura Campus São Carlos - CCET II - 28/05/2024,,243,62,0:01:13,,,,,62,1.2634,0,10,10
VPx-sqhdjSo,VOCÊ NA UFSCAR -  TEM RESERVA DE VAGAS?,"Apr 28, 2023",126,63,0:01:11,,,,,63,1.2581,0,400,5.25
rz-Eau8FO-s,275ª Reunião Ordinária do Conselho Universitário - continuação,"Feb 23, 2024",13447,11,0:06:45,,,,,11,1.2379,0,341,1.76
C2LAkLzhY-Q,Anaí Floriano Vasconcelos,"Feb 8, 2023",210,53,0:01:23,,,,,53,1.2314,0,121,1.65
Qml2fRnc0Uo,Depoimento Alex Kreibich - Transformação,"Feb 27, 2023",432,26,0:02:50,,,,,26,1.229,0,106,2.83
h21bsHaw55U,Quero saber - O ecoturismo é um modo diferente de fazer turismo?,"Jan 16, 2024",189,34,0:02:06,,,,,34,1.1922,0,366,0.27
GK458G8wKdY,Formatura Campus São Carlos - CECH I - 29/05/2024,,211,64,0:01:06,,,,,64,1.189,0,6,0
hWjB2hc0SDA,Idiomas sem Fronteiras - Português para Estrangeiros,"Apr 11, 2023",195,54,0:01:17,,,,,54,1.1692,2,352,2.27
PbtwMw5ItKc,Conexão Federal - Dor Crônica: Mariana Avila,"Sep 25, 2023",3839,42,0:01:38,,,,,42,1.1543,0,383,1.83
rDsryzPEaTs,Quero saber - Como a medicina define a Síndrome de Burnout?,"Mar 4, 2024",161,62,0:01:06,,,,,62,1.1512,2,1283,1.87
MjBmHzPdYD4,Formatura Campus São Carlos - CCET III - 28/05/2024,,139,66,0:01:01,,,,,66,1.1359,0,6,0
Q30a0ju3ZJ8,Acervos e coleções: do passado na memória a futuros diversos pela pesquisa e formação,"Jun 10, 2021",5704,7,0:09:41,,,,,7,1.1298,1,162,1.85
95zJGdA2Oz0,Depoimento Jéssica Athos - Transformação,"Jan 29, 2024",373,35,0:01:54,,,,,35,1.1143,0,451,3.1
7Fi_QkcW2c8,UFSCar retoma realização presencial da colação de grau,"Feb 9, 2023",216,52,0:01:16,,,,,52,1.1082,0,440,6.14
y8u79IUH3Ts,Quero saber - A ciência já descobriu a fórmula da felicidade?,"Feb 12, 2024",188,42,0:01:34,,,,,42,1.1072,1,655,1.83
WifvYKgsyZE,"Ana Beatriz de Oliveira, Reitora da UFSCar, fala sobre encontro com o Papa Francisco","Sep 22, 2023",60,164,0:00:23,57.52,,,,186,1.0969,1,4157,2.5
nAB93TLk55M,Trilhas da Inovação - Ep.4 – Licenciamento de tecnologias,"Oct 11, 2023",398,35,0:01:51,,,,,35,1.0885,0,308,5.52
DfSPolW7i3A,"Max y sus amigos en: Descubriendo el Mar - Episodio 3 – Viento caliente, lluvia fría","May 8, 2024",750,31,0:02:04,,,,,31,1.0755,0,1111,0.9
FPSGyZiVLgM,Na Pauta #50,"Mar 29, 2022",3610,17,0:03:45,,,,,17,1.0661,0,37,10.81
DKCLod14dEw,Os estudantes da UFSCar precisam da sua ajuda!,"Jun 9, 2022",303,45,0:01:22,,,,,45,1.0308,0,638,4.7
e_3dQa2R2Fk,Ricardo Cerri,"Jan 25, 2023",393,46,0:01:20,,,,,46,1.0288,0,149,9.4
wIxdqYmE9cY,Quero saber - De Aristóteles até a Psicologia Positiva: Como evoluiu a noção de felicidade?,"Feb 12, 2024",137,30,0:02:02,,,,,30,1.0231,1,739,1.22
Y5wbWGdKJok,Ciência UFSCar: Mudanças climáticas - impactos em águas e pastos,"Mar 25, 2021",5477,19,0:03:10,,,,,19,1.0078,0,286,3.5
a1MA6H7l-Pg,EdUFSCar No AR #7,"Dec 8, 2021",4206,16,0:03:45,,,,,16,1.0009,0,58,15.52
PmNosIFNE40,VOCÊ NA UFSCAR – QUAIS SÃO AS NOTAS DE CORTE?,"Apr 28, 2023",67,99,0:00:36,,,,,99,0.9949,0,730,9.73
fEzpnMyhRYg,"Alumni UFSCar: Ângelo Fernando Padilha, formado em Engenharia de Materiais na UFSCar","Aug 11, 2023",85,64,0:00:54,,,,,64,0.9746,0,824,5.34
n6PtBXpwoE0,UFSCar inaugura complexo de laboratórios,"Sep 25, 2020",220,67,0:00:52,,,,,67,0.9728,1,460,7.39
mV_FOXOTpWM,Trilhas da Inovação - Ep.8 – Programa de Computador,"Oct 11, 2023",384,33,0:01:46,,,,,33,0.9726,0,218,3.67
pN8ZfMTDfFg,Quero Saber – Desenvolvimento sustentável: solução ou falácia?,"Feb 24, 2024",60,81,0:00:43,71.25,,,,82,0.9709,2,2916,0.82
cWsovsm-SdA,Combate à violência de gênero e cultura da paz: desafios para a universidade pública brasileira,"Aug 26, 2023",7008,16,0:03:37,,,,,16,0.9662,0,86,4.65
U0yXtarU2NQ,Reitoria e ProAd apresentam cenário orçamentário da UFSCar para 2024 e balanço de 2023,"Mar 7, 2024",2034,17,0:03:23,,,,,17,0.9627,0,1427,0.56
b-_H1eEIiXM,Max e sus amigos - Descobriendo el mar: Episodio 1 - El mar que respiramos,"Oct 24, 2023",755,51,0:01:07,,,,,51,0.9625,0,1029,1.55
ZksSxDCAmyc,Depoimento Fernanda Marciano – Transformação,"Feb 3, 2023",292,48,0:01:12,,,,,48,0.9622,1,311,2.25
hjBtPLtLi3w,"Alumni UFSCar: Edinaldo dos Santos Rodrigues, formado em Psicologia pela UFSCar.","Aug 11, 2023",241,57,0:01:00,,,,,57,0.9562,1,339,3.83
k18TuI93wHw,"Luiz Antonio Pessan, professor da UFSCar, é o novo diretor de Programas e Bolsas no País da CAPES","Jun 12, 2024",360,44,0:01:17,,,,,44,0.9449,0,2421,0.66
u9H8o2l2Dx4,Conheça o Núcleo de Pesquisa e Desenvolvimento em Tecnologia Assistiva do Campus Sorocaba da UFSCar,"Aug 2, 2022",309,44,0:01:17,,,,,44,0.9422,1,126,3.17
2ghxTXQtZjA,Depoimento Alice Agnes - Transformação,"Jan 27, 2023",321,35,0:01:36,,,,,35,0.9391,1,205,2.44
Hv3ZfUwt9q0,News - Boletim de Oportunidades #7,"Feb 11, 2025",117,52,0:01:04,,,,,52,0.9368,0,1451,2.34
iYaWPwXuHYk,"Discriminação não cabe na UFSCar! Aprenda, ensine: violência é crime!","Oct 9, 2023",88,92,0:00:35,,,,,92,0.9139,0,432,4.17
nPsvj-aIvjQ,Laboratório da UFSCar desenvolve pesquisas sobre osteoartrite de joelho,"Feb 2, 2023",452,29,0:01:53,,,,,29,0.9139,0,309,3.56
90ashaApwrA,Feira do Livro EdUFSCar - Palestra: Jorge Amado - Uma biografia,"Oct 4, 2021",3620,6,0:09:05,,,,,6,0.9096,0,50,2
WomY2bsvF3M,30º Congresso de Iniciação Científica - UFSCar,"Nov 12, 2024",715,42,0:01:17,,,,,42,0.8993,0,585,3.93
FT64eZbnXRU,Tutorial - Como participar do Guardiões da Saúde,"Oct 6, 2021",238,57,0:00:56,,,,,57,0.8938,1,333,5.11
P5FnjXGSnlY,T2 #6 - Linguística popular valoriza e torna mais acessíveis os saberes linguísticos de não especial,"Mar 11, 2022",1470,7,0:07:36,,,,,7,0.8885,0,103,3.88
uIf5MAlQ3a8,Na Pauta #42,"Jan 25, 2022",5420,2,0:26:28,,,,,2,0.8827,0,12,0
JVU9Qdpn7Ns,Quero saber - O quê explica Tarcísio decidir não usar os livros distribuídos pelo Governo Federal?,"Oct 2, 2023",365,25,0:02:06,,,,,25,0.8803,0,414,3.62
xkk3Tw5Co-I,"Alumni UFSCar: Rieli Tomaz da Silva, estudante do curso de Engenharia Agronômica da UFSCar","Aug 11, 2023",185,40,0:01:19,,,,,40,0.88,0,367,8.17
dG36nTMb__w,"XII SEGRad - Abertura: Extensão Universitária na Graduação: história, diretrizes e experiências","Apr 25, 2022",10116,10,0:05:16,,,,,10,0.8792,0,110,5.45
Pk96GtBDpO8,Laboratório de Talentos inspira meninas para trilharem seus caminhos profissionais,"Jun 6, 2024",324,72,0:00:43,,,,,72,0.8774,1,1381,1.52
yxn72b--McU,Eleição para discentes no CoG - Constituição das Urnas,"Aug 2, 2024",538,33,0:01:35,,,,,33,0.8725,0,2028,0.44
1gItzPOkkQ4,#7 – Teste inédito pode ajudar a eliminar hanseníase,"Feb 15, 2022",1359,12,0:04:21,,,,,12,0.8708,0,220,1.36
UhlvrdI9HhA,65ª Reunião Ordinária do Conselho de Administração (CoAd),"Dec 15, 2022",12215,10,0:05:06,,,,,10,0.8509,0,55,1.82
Jry-cMPAU6M,"As possibilidades de Ensino, Pesquisa e Extensão Universitária a partir das experiências estudantis","May 26, 2022",5222,20,0:02:31,,,,,20,0.8436,0,61,3.28
8HmJ2cpmFG4,Quero saber - Como os comportamentos se manifestam?,"Oct 9, 2023",288,25,0:02:00,,,,,25,0.8401,1,171,1.75
7SNHHbY1EZU,Depoimento Lê Fernandes - Transformação,"May 17, 2023",462,22,0:02:17,,,,,22,0.8372,0,131,5.34
gzv_Yk2j9js,T2 #5 - Jogo educativo leva temática indígena para crianças de 5 a 10 anos,"Mar 4, 2022",1628,13,0:03:50,,,,,13,0.8332,1,163,4.29
nHrTp-8Rsas,"Quero saber - Acupuntura, fitoterápicos, aromaterapia: a que - e quem - servem as PICs no SUS?","Nov 13, 2023",59,77,0:00:38,62.14,,,,96,0.8307,1,1983,1.51
J0lmC6uq6XU,110ª Reunião Ordinária d Conselho de Graduação | CoG UFSCar,"Jan 23, 2024",11920,48,0:01:02,,,,,48,0.8271,1,265,9.06
IND26AxpBVs,Boletim de Oportunidades - Oportunidades em Um Minuto #2,"Oct 29, 2024",142,64,0:00:46,28.57,,,,65,0.8235,0,1421,1.34
bYKMm-7uMCU,HU-UFSCar inaugura Unidade de Pesquisa Clínicas,"Dec 4, 2023",240,35,0:01:24,,,,,35,0.8232,0,649,1.69
5P6YCtv8ZFc,Teaser Formaturas Sorocaba 2024 - 17/07,,46,89,0:00:33,,,,,89,0.8211,0,5,0
wGFG5KJ1e9s,15 Anos da Rádio UFSCar,"Aug 25, 2022",910,18,0:02:41,,,,,18,0.8096,0,103,2.91
AwVEXypoZEU,Boletim de Oportunidades – 3ª Chamada do Proeduca - Profa Tathiane Milaré,"Nov 21, 2024",128,78,0:00:36,23.67,,,,80,0.7935,0,1297,1
GPYC1uaWT48,#9 – Processo de financeirização da indústria automotiva ajuda a compreender saída da Ford do Brasil,"Feb 15, 2022",1434,8,0:05:56,,,,,8,0.7926,0,96,4.17
 -gfDx2OuB9g,EMBRAPII E INOVAÇÃO NA UFSCar: O que é? Como fazer?,"Sep 18, 2023",59,83,0:00:33,61.76,,,,86,0.7815,0,2103,1.66
UJU2eHG49nk,EMBRAPII-UFSCar promove parceria entre Universidade e empresas,"Feb 23, 2023",235,34,0:01:22,,,,,34,0.7786,0,220,5
7PlEf6hogHw,Formatura Campus Araras - CCA - 31/08/2024,,356,46,0:01:00,,,,,46,0.7734,0,6,0
bxIXWwh8yXg,"Fala, cientista! - Pesquisas Eleitorais - 04/12","Sep 9, 2022",97,56,0:00:47,,,,,56,0.7438,1,1540,3.25
NRE3C8Ev1PM,"Marcus Vinicius Batista Nascimento, novo secretário da SAADE fala sobre  antirracismo da UFSCar","Jul 4, 2023",170,46,0:00:57,,,,,46,0.7339,1,243,1.65
XJ7m-Rb57kI,#5 – Maior parte da população brasileira é contrária ao fechamento do STF,"Feb 15, 2022",1459,22,0:01:59,,,,,22,0.7302,0,345,3.19
8_P62Nlx0x0,I Encontro Fonaprace Sudeste 2022 - Manhã,"Apr 8, 2022",16638,6,0:07:10,,,,,6,0.7179,0,132,2.27
4ryrDcKfnnQ,Programa Capes/Brafitec apoia intercâmbio de estudantes de graduação entre Brasil e França,"Sep 5, 2023",85,60,0:00:42,,,,,60,0.7104,0,660,5.15
1Gq27C9oqfU,Quero saber - Admitir mudanças na língua que as pessoas falam é desestruturar a Língua Portuguesa?,"Dec 12, 2023",649,18,0:02:21,,,,,18,0.7088,0,385,1.56
T16-Z7FSzsE,275ª Reunião Ordinária do Conselho Universitário,"Feb 23, 2024",10462,9,0:04:42,,,,,9,0.7069,0,226,3.98
Uy-P3iu1vwI,Boletim de Oportunidades - SBPC abre inscrições para o Prêmio Carolina Bori,"Oct 10, 2024",68,70,0:00:36,,,,,70,0.7046,0,1333,1.05
WXDT3Srqjd4,Mesa redonda | Reforma psiquiátrica: desafios atuais para o SUS e para as universidades,"May 15, 2023",7901,19,0:02:12,,,,,19,0.6992,0,219,4.11
5slgAXD9Ayk,Quero saber - Genética da Conservação: o que é e para que serve?,"Nov 6, 2023",60,79,0:00:31,49.04,,,,92,0.6977,0,2517,1.31
WI9MDrZCUmE,Teaser Formaturas UFSCar Araras 2024 - 31/08,,74,50,0:00:49,,,,,50,0.6933,0,11,0
MOa6v2Xh0YA,Quero saber - O ecoturismo enquanto mercado. E agora?,"Jan 16, 2024",218,24,0:01:42,,,,,24,0.6855,0,422,3.08
4kFi6UBOVns,Daiane Aparecida Zuanetti,"Feb 6, 2023",207,50,0:00:49,,,,,50,0.684,0,243,7.41
0njXjXCnZkc,Trilhas da Inovação - Ep.9 – A Agência de Inovação da UFSCar,"Oct 11, 2023",257,28,0:01:27,,,,,28,0.6791,0,224,2.68
JlYKjhE6Z7s,"Fala, cientista! - Pesquisas Eleitorais - 05/12","Sep 9, 2022",158,27,0:01:30,,,,,27,0.6779,0,523,4.97
TQdRv2PVBmc,Formatura Campus São Carlos - CECH II - 29/05/2024,,173,43,0:00:56,,,,,43,0.6742,0,12,8.33
ZgUYIdtFr1A,#4 DIA INTERNACIONAL DAS MULHERES E MENINAS NA CIÊNCIA   ANA CRISTINA JUVENAL DA CRUZ,"Feb 11, 2022",1724,11,0:03:38,,,,,11,0.6688,0,159,3.14
G5R23Q9y2jk,Conexão Federal - EdUFSCar : Oswaldo Truzzi e Wilson Alves-Bezerra,"Oct 16, 2023",4014,21,0:01:54,,,,,21,0.6664,0,249,4.82
ROxYgg3Nghc,Inclusão de colaboradores com deficiência nos Restaurantes Universitários da UFSCar,"Aug 25, 2022",264,32,0:01:14,,,,,32,0.6657,0,427,5.15
i1BXm7QpwW4,Trilhas da Inovação - Ep.7 – Cultivar,"Oct 11, 2023",353,20,0:01:58,,,,,20,0.6607,0,313,3.51
rQtdZ11sdxw,#19 - Diferentes linhagens de HIV e as políticas públicas de combate,"Feb 15, 2022",1421,4,0:09:53,,,,,4,0.6597,0,109,1.83
SU8Cx7gp2Gk,"Fala, cientista! - Pesquisas Eleitorais - 07/12","Sep 9, 2022",360,13,0:03:00,,,,,13,0.6526,0,211,2.84
ElaAUT13VZc,E o que Desenvolvimento Sustentável tem com as negociações para enfrentar a emergência climática?,"Feb 26, 2024",388,27,0:01:26,,,,,27,0.6523,1,681,1.76
DHSaMk1mZek,"Ana Beatriz de Oliveira, Reitora da UFSCar, fala sobre os seis meses do lançamento do portal Alumni","Jan 24, 2024",261,41,0:00:54,,,,,41,0.6187,1,432,2.31
pltzcYY8_6E,Construindo a Política Cultural da UFSCar,"May 3, 2024",5599,10,0:03:42,,,,,10,0.617,0,319,0.94
hlsbD9wCPV4,"Sementes da Cultura Científica - Adilson de Oliveira, Departamento de Física","Sep 30, 2022",593,18,0:02:03,,,,,18,0.6169,1,1167,0.09
RL0GOOTCFOY,"Vida Universitária: o dia a dia acadêmico (ProGrad, SEaD, SIBi, SRinter, EDUFSCar)","Aug 12, 2021",5405,12,0:03:05,,,,,12,0.6167,0,151,3.97
Ngfon8881ck,Práticas inovadoras no ensino de ciências e divulgação científica junto ao público infanto-juvenil,"Oct 11, 2022",295,30,0:01:13,,,,,30,0.6114,0,169,5.92
z89xJ9Zf10U,A homofobia não cabe na UFSCar,"Feb 28, 2024",106,42,0:00:52,,,,,42,0.6088,0,2047,1.07
OYds4_-SZIA,UFSCar de Todos os Povos - Lejzer Castro,"Aug 11, 2023",155,38,0:00:56,,,,,38,0.5968,0,238,6.3
iYMB5NPgmS8,Quero saber - Nascemos predispostos à felicidade ou é possível aprender a ser feliz?,"Feb 12, 2024",178,29,0:01:13,,,,,29,0.5883,0,589,1.19
TZJHXFs9S94,14ª Reunião Extraordinária - CoGePe,"May 6, 2025",145,39,0:00:54,,,,,39,0.5869,0,1023,1.56
PL1BscsVdfE,Quero saber – Assédio: quais as faces desse mal?,"Oct 16, 2023",746,10,0:03:31,,,,,10,0.5862,0,210,2.86
od50O_1ybGw,EdUFSCar completa 30 anos de história,"Mar 7, 2023",2006,7,0:05:00,,,,,7,0.5849,0,158,0
ZRiCcdy20ck,Quero saber - Que mistérios - e crimes! - a Genética da Conservação ajuda a resolver?,"Nov 6, 2023",435,13,0:02:40,,,,,13,0.5792,1,373,0.8
 -awDvI_gynw,#8 – Conheça o veleiro que viaja os oceanos do mundo fazendo pesquisa,"Feb 15, 2022",1558,4,0:08:38,,,,,4,0.5764,0,69,0
MlaWmw6BSqU,Quero saber - Por que a gordofobia causa sofrimento?,"Oct 23, 2023",246,21,0:01:38,,,,,21,0.5749,1,250,4.4
 -nTNBW4lrTQ,Quero saber - Não sou fluente em Inglês. Como vou publicar um livro por uma editora internacional?,"Jan 8, 2024",236,24,0:01:25,,,,,24,0.5716,0,300,1
KnNgFJ_aUB4,Depoimento Augusta Neves - Transformação,"Jul 12, 2023",329,16,0:02:07,,,,,16,0.5665,0,134,3.73
QXK86zlpw-I,Edital ProGrad Nº 20 de 8 de janeiro de 2024 traduzido em Língua Brasileira de Sinais,"Jan 31, 2024",11873,64,0:00:31,,,,,64,0.5643,0,440,2.5
5osbUZTM7DU,Formatura Campus São Carlos - CCET I - 28/05/2024,,103,56,0:00:36,,,,,56,0.5618,0,6,16.67
rfG3Jv8w_Ho,UFSCar promove 1ª Feira da Visibilidade Trans e Travesti,"Feb 16, 2023",266,41,0:00:48,,,,,41,0.5516,0,2035,0.84
xu-l6ucO6AU,Formatura Campus Sorocaba - CCGT - 17/07/2024,,149,32,0:01:01,,,,,32,0.5507,0,5,0
F1iCyuPovx8,Alumni UFSCar - Conheça a nova página inicial,"May 6, 2024",92,51,0:00:38,,,,,51,0.5409,2,837,1.43
kXMSkR8t-K8,Calourada 2023,"May 8, 2023",198,60,0:00:32,,,,,60,0.5398,0,515,9.13
66hAmM4R2s4,30 anos do projeto Trilha da Natureza da UFSCar,"Sep 13, 2022",317,21,0:01:32,,,,,21,0.5385,0,99,6.06
WgsrFmt0LcE,7a Semana dos Estudantes Indígenas da UFSCar,"Jul 14, 2022",160,27,0:01:10,,,,,27,0.5264,0,272,7.35
2OFIidpHoD4,"Alumni UFSCar: Anna Cláudia Sentanin, formada em Fisioterapia na UFSCar","Aug 11, 2023",143,23,0:01:21,,,,,23,0.5236,0,454,3.52
31_YBPseQmk,Depoimento Cae Pereira - Transformação,"Dec 6, 2023",443,15,0:02:04,,,,,15,0.5203,0,278,0.72
atyJdRlgwGQ,Quero saber: Como prevenir a febre maculosa?,"Jul 6, 2023",241,31,0:01:00,,,,,31,0.5201,0,901,2.11
JWJGgfYkDwQ,"Racismo, homofobia, desigualdade e extermínio: os impasses da atuação do Estado","Jun 22, 2022",5508,19,0:01:37,,,,,19,0.5135,0,62,4.84
5SXSldGAe_M,"NIASE: 20 anos de sonhos, ciência e transformação social","Jun 27, 2022",8345,36,0:00:51,,,,,36,0.5116,0,165,12.73
54bbAt4uWlw,UFSCar sedia novo INCT em Biodiversidade e Uso Sustentável de Peixes Neotropicais,"May 9, 2023",375,13,0:02:19,,,,,13,0.5042,0,190,2.11
3kdtCubg-OI,"Reitora, Ana Beatriz de Oliveira, participa de evento na Câmara Municipal de Sorocaba","Apr 27, 2023",33,105,0:00:17,51.37,,,,119,0.5037,2,4339,1.36
Cp-LnE9-mqs,T2 #1 - Bioeconomia circular e a produção de materiais avançados,"Feb 15, 2022",1412,15,0:02:00,,,,,15,0.501,0,116,4.31
IEn9Q7dTw1c,Avanços e desafios para além da Lei Maria da Penha,"Aug 31, 2023",7813,12,0:02:29,,,,,12,0.4989,0,57,10.53
nOqQmp5k-Ic,“Ciência em Movimento” – cientistas da UFSCar e da USP divulgam suas pesquisas no transporte público,"Jun 13, 2024",457,37,0:00:48,,,,,37,0.4934,0,1522,1.05
 -Ef50dItAiQ,Viviane Melo de Mendonça,"Feb 9, 2023",140,24,0:01:12,,,,,24,0.4829,0,136,2.21
jOX4bczDNB8,Francisco Coury,"Jan 25, 2023",225,19,0:01:30,,,,,19,0.4754,0,175,6.86
wmeFmjz1J78,Edital 2023 - Eleição de representantes junto aos conselhos superiores | Apuração,"Jan 31, 2024",1643,8,0:03:30,,,,,8,0.4686,0,251,1.99
2ZTufffrH8k,Reunião Extraordinária do Conselho Universitário | ConsUni UFSCar,"Sep 29, 2023",11265,11,0:02:33,,,,,11,0.4681,0,116,8.62
LiEyCIy62x4,XII SEGRad - Curricularização da Extensão: experiências institucionais,"Apr 26, 2022",11270,7,0:04:00,,,,,7,0.4673,0,35,2.86
PutyTxr2R6A,Quero saber – De onde surge e como se perpetua o machismo?,"Oct 9, 2023",60,38,0:00:43,44.29,,,,51,0.4671,1,1613,1.18
qjFBE3-K7y0,Reunião Extraordinária do Conselho Uniersitário - 12/12 | ConsUni UFSCar,"Dec 12, 2023",10393,14,0:01:59,,,,,14,0.4663,0,174,2.87
I5HJSNox3Eg,Boletim de Oportunidades - Oportunidades em Um Minuto #1,"Oct 15, 2024",104,42,0:00:39,38.1,,,,42,0.4659,0,1122,1.52
X_od0CCONtQ,Alumni UFSCar - Como criar/ gerenciar Grupos - Comunidades,,419,25,0:01:07,,,,,25,0.4657,0,4,0
I7OFUJ9ESBk,O Machismo não cabe na UFSCar!,"Oct 25, 2023",128,23,0:01:12,,,,,23,0.4656,0,369,3.52
sVdfMZoJ9Yw,Eleição de representantes do CoGePe - Apuração,"Apr 23, 2025",471,13,0:02:08,,,,,13,0.4654,0,722,0.97
xY0SVAvEitE,Quero saber - Por que o Governo não produz seu próprio livro didático ?,"Oct 2, 2023",368,12,0:02:19,,,,,12,0.4654,0,215,1.4
2pzE5hEribc,UFSCar de todos os povos! Wéllima Timóteo de Lima - Estudante indígena da etnia Xukuru de Ororubá,"Aug 29, 2022",77,28,0:00:59,,,,,28,0.4619,1,187,4.81
ykXCR7TsOuE,UFSCar de Todos os Povos - Mamadú Saliu Djaló,"Feb 24, 2023",113,27,0:01:01,,,,,27,0.4582,1,290,3.1
u9JDw5S3pzE,"Quero saber: Afinal de contas, quem causa a febre maculosa?","Jul 6, 2023",255,12,0:02:13,,,,,12,0.4442,0,111,0.9
AqctsabxE-U,O Racismo não cabe na UFSCar!,"Oct 11, 2023",94,28,0:00:56,,,,,28,0.4416,0,319,5.96
uQ5HDVWmt2o,Pesquisa da UFSCar vence Prêmio Capes de Tese,"Sep 5, 2023",46,74,0:00:21,,,,,74,0.4407,0,211,3.32
DQ7oeqcQobU,Roberta Cerasi Urban,"Jan 25, 2023",269,28,0:00:56,,,,,28,0.4393,1,62,4.84
K93xYrztyGA,T2 #2 - Diferença entre mão direita e mão esquerda e a busca de vacinas mais eficazes,"Feb 15, 2022",1078,33,0:00:47,,,,,33,0.4387,0,117,0.85
Jf99H0FmK7U,UFSCar apresenta novidades na área de gestão ambiental e sustentabilidade,"Mar 21, 2023",544,11,0:02:23,,,,,11,0.4374,1,244,2.46
1kjHmzvfUjk,Alumni UFSCar - Como postar ou encontrar eventos,,108,70,0:00:22,,,,,70,0.4368,0,0,
pjilPTkZqGU,NA PAUTA ENTREVISTA - OBSERVA SANCA,"Jan 31, 2023",1680,8,0:03:16,,,,,8,0.4364,0,92,1.09
VdN20gI6N84,"TBT Aula Magna da UFSCar com o Ministro dos Direitos Humanos e da Cidadania, Silvio Almeida","Mar 12, 2024",45,80,0:00:19,51.97,,,,87,0.4308,0,4018,1.19
pvHrVyyJd_8,Já está disponível o aplicativo Alumni UFSCar #shorts,"Aug 11, 2023",59,55,0:00:28,55.56,,,,62,0.43,1,437,0.46
xnHAisaEP84,Trilhas da Inovação - Ep.5 – Know-how,"Oct 11, 2023",314,14,0:01:50,,,,,14,0.4296,0,252,2.38
vbLSsj3zBBg,Depoimento Iago Costa - Transformação,"May 31, 2023",302,30,0:00:51,,,,,30,0.429,0,325,1.85
NkYyHMXRixk,"Quero saber – Etarismo, quais suas origens e impactos?","Dec 18, 2023",167,17,0:01:30,,,,,17,0.427,0,354,1.13
GELG9n5Eay0,1ª Reunião Extraordinária do Conselho de Extensão (CoEx) da UFSCar do ano de 2023,"Mar 23, 2023",14112,5,0:05:04,,,,,5,0.4233,0,53,7.55
bqEYths04cE,Quero saber - Mas eu ainda estou no começo da minha carreira na Ciência! Já posso publicar um livro?,"Jan 8, 2024",331,40,0:00:38,,,,,40,0.423,0,485,1.24
AI1B32P1LM4,8º Congresso do Colégio dos Gestores da Comunicação das universidades federais | Dia 09.11 - Manhã,"Nov 9, 2023",12808,7,0:03:37,,,,,7,0.4225,0,56,0
BPOkM1MvuJM,Quero saber – Assédio: quais as faces desse mal?,"Oct 16, 2023",60,37,0:00:41,37.78,,,,39,0.4225,0,1210,0.5
o3I_tWcea7s,Formatura Campus São Carlos - CECH III - 29/05/2024,,114,59,0:00:25,,,,,59,0.4176,0,6,0
7vsuu26YYjY,Depoimento Victória Ayumi - Transformação,"Feb 15, 2023",254,26,0:00:57,,,,,26,0.4175,0,140,3.57
DQeiQJL96IA,Cerimônia de entrega do Título de Doutor Honoris Causa para Dermeval Saviani,"Dec 15, 2022",334,18,0:01:23,,,,,18,0.4153,0,314,4.46
8vswTakcfr0,30º Congresso de Iniciação Científica - UFSCar - Dia 13/11,"Nov 13, 2024",241,35,0:00:42,,,,,35,0.4102,0,676,1.63
VZSZA0gUAng,UFSCar de todos os povos! Natalia Andrea Viana Bedoya - Professora do Dep. de Matemática da UFSCar,"Oct 6, 2022",169,27,0:00:54,,,,,27,0.4098,0,182,2.2
LeGz-iQbNy4,Equipe da Pró-Reitoria de Administração fala sobre desafios e conquistas nos dois anos de gestão,"Jun 29, 2023",389,15,0:01:37,,,,,15,0.4047,0,345,3.19
Gbg5pHeAiZs,T2 #4 - Pesquisadores redescobrem espécie de perereca considerada extinta,"Feb 25, 2022",1341,8,0:03:01,,,,,8,0.4043,0,104,3.85
FsV3smNUET8,Quero saber - Estou sendo gordofóbico?,"Oct 23, 2023",402,13,0:01:51,,,,,13,0.4032,0,196,1.02
ljGQUSeZwkM,NEEDS da UFSCar cria Programa de Computador para mapear APP,"Jul 12, 2023",364,10,0:02:22,,,,,10,0.396,0,168,2.98
tJPA30moCPI,Reitoria esclarece sobre revogação de lista,"Mar 5, 2024",1569,15,0:01:33,,,,,15,0.3913,0,1250,0.48
lSj-xLBGNfo,EdUFSCar no Ar #3,"Sep 1, 2021",3558,11,0:02:07,,,,,11,0.3897,0,52,7.69
zmzhHiMZhh4,Depoimento Marc Tristão - Transformação,"Jun 14, 2023",277,14,0:01:38,,,,,14,0.3839,0,140,2.86
NfRlH7KTa_g,#Mesa5 - UFSCar Marchando para Transformar Ciência em Qualidade de Vida,"May 12, 2020",2316,8,0:02:51,,,,,8,0.3822,1,200,2.5
5jkv5uJYY0g,Quero saber - Como prevenir a doença? E qual o papel das organizações?,"Mar 4, 2024",207,39,0:00:35,,,,,39,0.3817,0,1233,2.11
HGGf9IoMvMM,"Conheça o trabalho da UAC, em atividade há 30 anos na UFSCar.","Nov 1, 2022",200,16,0:01:25,,,,,16,0.3799,0,71,4.23
Mu2Hm0t0VnE,Dia de valorização da universidade pública,"Aug 12, 2022",496,16,0:01:25,,,,,16,0.3786,0,215,2.33
N_R6KXGH7sA,Equipe ProACE fala sobre ações de assistência durante a pandemia e novas conquistas em Saúde Mental,"Jul 5, 2023",458,9,0:02:31,,,,,9,0.3778,2,203,3.94
FD3-uZRTnhI,TBT 2ª Feira da Visibilidade Trans e Travesti na UFSCar,"Mar 12, 2024",91,54,0:00:25,,,,,54,0.3775,0,626,1.6
d5BoulK0FjM,11ª Reunião Ordinária do Conselho de Gestão de Pessoas (CoGePe),"Feb 7, 2023",10762,4,0:05:39,,,,,4,0.377,0,54,0
LIbP0dESOZM,Agroecologia: potencialidades e desafios,"Jun 20, 2023",2224,5,0:04:31,,,,,5,0.3769,0,234,0.85
62CNQauYdz8,Reitoria lança projeto UFSCar + 5 para elaboração do novo PDI,"Nov 16, 2023",131,17,0:01:19,,,,,17,0.3741,0,233,3.86
2OTPMg5qZRw,#1 – Fibra de PET reciclado pode ajudar no combate à Covid-19,"Feb 15, 2022",1172,15,0:01:29,,,,,15,0.3719,0,65,1.54
GoYVi-5sZKY,"Boletim de Oportunidades - Capes abre inscrições para a Cátedra Rio Branco, no King's College London","Oct 15, 2024",70,47,0:00:28,35,,,,47,0.3702,0,802,1.75
Sl05a82TJCs,Boletim de Oportunidades - Oportunidades em Um Minuto #3,"Nov 12, 2024",111,54,0:00:24,28.1,,,,57,0.3662,0,1425,0.98
zvrLA__yU1Y,Quero saber - Porque a gravidade do quadro de saúde de Fausto Silva levou o coração até ele?,"Sep 4, 2023",169,25,0:00:52,,,,,25,0.3653,1,432,1.16
WkpRwboP9nQ,#6 DIA INTERNACIONAL DAS MULHERES E MENINAS NA CIÊNCIA   CAROLINA RODRIGUES DE SOUZA,"Feb 11, 2022",2317,7,0:03:07,,,,,7,0.3637,0,87,1.15
OojoUoaIcQk,"Quero saber - Afinal, assistir ao BBB é um comportamento voyeurístico?","Jan 29, 2024",265,16,0:01:20,,,,,16,0.3596,0,526,1.9
JcFvj1RChuk,29º Congresso de Iniciação Científica e Tecnológica da UFSCar – CIC-CIDTI-CIC-EM/UFSCar,"Jun 1, 2023",8694,18,0:01:11,,,,,18,0.3593,0,166,6.02
53N4GwTAuZ0,Dia Mundial da Saúde - Aspectos epidemiológicos da varíola dos macacos,"Aug 5, 2022",1292,3,0:07:09,,,,,3,0.3583,0,95,2.11
NwB_OvcPvzI,150º Reunião Ordinária do Conselho de Extensão | CoEx UFSCar,"Feb 22, 2024",7429,10,0:02:08,,,,,10,0.3576,0,174,3.45
NUZWbV12qIs,#8 DIA INTERNACIONAL DAS MULHERES E MENINAS NA CIÊNCIA   SAMARA SABINO,"Feb 11, 2022",1507,6,0:03:34,,,,,6,0.3574,0,124,4.84
S8-jVO0iCJg,Quero saber - Quais os benefícios da prática do ecoturismo?,"Jan 16, 2024",107,24,0:00:53,,,,,24,0.3573,0,385,3.9
