id_publicacao,Duração,Visualizações,Tempo de exibição (horas),Taxa de cliques de impressões (%),Continuaram assistindo (%),Inscritos,sucesso
Quero saber: O que fazer se um carrapato me picar?,294.0,32969,1079.0633,4.48,,145,1
"Aula Magna: formação universitária, relações étnico-raciais e esperança",9428.0,2201,689.21,5.82,,121,0
"Aula Magna:""Cartas à juventude universitária: como cuidar (e receber cuidado) da nossa saúde mental""",11246.0,1595,573.1108,3.63,,30,0
Segundo Debate - Pesquisa Eleitoral - Gestão 2025-2029,7590.0,1502,489.147,4.5,,18,0
Quero saber – O que é ser uma pessoa trans? E quais as origens da transfobia?,205.0,23583,423.549,2.26,,68,0
Primeiro Debate - Pesquisa eleitoral - Gestão 2025-2029,6233.0,1629,400.3269,5.98,,25,0
Ética na Pesquisa,1052.0,3799,300.8381,9.62,,50,0
"Conexão Federal: Mulheres da família Prestes, com Anita Prestes",4064.0,1388,287.8927,4.36,,24,0
Reunião Extraordinária do ConsUni,16021.0,400,213.8178,8.75,,7,0
UFSCar 55 anos,10613.0,1141,213.0267,7.62,,37,0
Quero saber - O que faz um Gestor Ambiental?,814.0,3106,207.3671,4.58,,64,0
Audiência pública - ConsUni,11021.0,486,162.906,6.13,,8,0
Cerimônia solene de posse da Gestão 2025-2029,8151.0,795,157.8427,3.46,,4,0
Conferência IEAE - Universidade para o futuro,11876.0,410,141.8469,1.81,,16,0
Conheça a UFSCar,457.0,3506,137.6067,5.34,,17,0
"#6 - Conheça como funciona a Eletroterapia, recurso fisioterapêutico usado com finalidades variadas",1100.0,1974,134.3743,3.44,,22,0
SEGrad: Mesa Redonda: A Utilização da Inteligência Artificial no Ensino de Graduação,8508.0,453,123.0689,1.52,,20,0
"Abertura e Mesa: Ensino, Extensão e Pesquisa na UFSCar: um olhar para o futuro da indissociabilidade",9662.0,452,114.8186,1.52,,7,0
SeGrad | UFSCar 2025: Interprofissionalidade no Ensino da Graduação,11618.0,254,102.8727,2.4,,9,0
Anita no acervo de Prestes: histórias que viajam no tempo,1116.0,1122,98.9941,4.01,,17,0
Roda de conversa –  Ciência e Humano,8393.0,288,93.7473,0.67,,0,0
PIBID forma licenciandos para a docência em sala de aula,408.0,1693,93.3394,6.92,,14,0
ICC Entrevista - Vera Cêpeda sobre o Prêmio Nobel de Economia 2024,1565.0,791,87.2181,4.19,,19,0
Universidade para o Futuro - Os desafios para a Pós-Graduação,9207.0,225,84.6446,6.42,,4,0
"ICC Entrevista - André Moura, sobre o Prêmio Nobel de Química 2024",2128.0,647,82.1215,2.46,,19,0
Reunião Extraordinária do ConsUni,11109.0,199,76.7177,5.24,,1,0
281ª Reunião Ordinária do Conselho Universitário,14169.0,190,73.4846,5.44,,2,0
Quero saber - Quem tem Doença Pulmonar Obstrutiva Crônica deve praticar atividades físicas?,338.0,1598,63.659,7.57,,27,0
279ª Reunião Ordinária do Conselho Universitário,13223.0,163,63.358,5.43,,0,0
Palestra Bolsas de Estudos no Japão - MEXT 2026,4519.0,397,60.5933,1.74,,21,0
116ª Reunião Ordinária do CoG,12891.0,160,58.7186,1.48,,0,0
Como prevenir a violência nas escolas?,7332.0,518,55.3751,5.6,,8,0
Homenagem Prof. Elson Longo - A química em materiais: da teoria à inovação,12762.0,252,55.0763,3.84,,4,0
UFSCar conta Sua História - Oswaldo Baptista Duarte Filho,4686.0,229,53.856,3.29,,0,0
Quero saber – Ecoturismo é apenas o turismo na natureza?,998.0,560,53.7077,6.79,,10,0
20ª Reunião Ordinária do Conselho de Gestão de Pessoas,7567.0,139,51.8705,5.4,,0,0
280ª Reunião Ordinária do Conselho Universitário,12527.0,172,51.3577,4.57,,1,0
2ª chamada SiSU - Entenda a lista e a movimentação das vagas!,418.0,1842,49.6525,9.4,,16,0
Reunião extraordinária do ConsUni,11832.0,155,46.917,3.07,,0,0
"Workshop ""Biologia Quântica - o surgimento de um novo paradigma""",8777.0,238,43.1308,3.73,,4,0
Quero saber - O que é voyeurismo?,161.0,2085,42.6284,7.58,,9,0
Sessão Pública de Apuração,1380.0,520,41.4937,4.57,,10,0
163ª Reunião Ordinária do conselho de Pós-Graduação da UFSCar,11865.0,108,41.2933,2.06,,1,0
19ª Reunião Ordinária do Conselho de Gestão de Pessoas (CoGePe) da UFSCar,6272.0,108,40.3861,6.4,,1,0
CORPOREIDADES DISSIDENTES NA UNIVERSIDADE EM TEMPOS DE REAFIRMAÇÃO DA DEMOCRACIA,6570.0,131,39.2685,2.03,,3,0
"IMPORTÂNCIA DOS FEMINISMOS PARA A CONSTRUÇÃO DA JUSTIÇA SOCIAL, NO COTIDIANO DAS MULHERES",7082.0,152,37.0365,1.02,,14,0
Reunião Extraordinária do CoG,12142.0,177,35.5998,1.43,,0,0
Max e sua turma em: Descobrindo o Mar - Episódio 1 - O mar que a gente respira,755.0,661,34.9081,9.59,,13,0
Palestra: Pedagogia do arquivo: produção e difusão do conhecimento na era da inteligência artificial,6509.0,213,34.8372,1.46,,8,0
Palestra –  Reconhecimento de saberes e reexistência epistemológica  transformar a universidade,7574.0,151,34.7979,1.21,,0,0
21ª Reunião Ordinária do CoGePe - Conselho de Gestão de Pessoas,3494.0,133,34.4201,4.46,,1,0
Feira de Oportunidades 24 - Da UFSCar à Liderança na Amdocs: Inspire-se com essa Jornada de Sucesso!,7674.0,163,33.5763,1.47,,1,0
Diálogos Avançados - De Que Falamos Quando Falamos de Antropoceno,6665.0,141,33.1949,1.72,,6,0
Quero saber - Como o PNLD contribui para a qualidade do livro didático no Brasil?,339.0,721,32.621,5.44,,14,0
Venha estudar na UFSCar! Esta Universidade é para você!,343.0,1046,32.3562,5.48,,11,0
Debate em 28/5 abordará inclusão epistemológica e Ciência antirracista,12164.0,136,32.2999,2.83,,4,0
72ª Reunião Ordinária do Conselho de Administração,10058.0,131,30.181,1.43,,0,0
Îandê YBY (Somos a Terra) e Não Donos Dela - Já somos um outro mundo possível,5856.0,175,28.7507,3.69,,1,0
Max e sua turma em: Descobrindo o Mar - Episódio 2 – O plástico a caminho do mar,906.0,336,27.3423,6.26,,5,0
Reunião Extraordinária do ConsUni em conjunto com o CoAd,6274.0,91,26.783,2.47,,1,0
Conferência IEAE - Universidade para o Futuro,9366.0,183,26.1058,1.82,,2,0
22ª Reunião Ordinária do Conselho de Gestão de Pessoas,4099.0,81,25.2581,1.31,,0,0
Quero saber - Genética da Conservação: o que é e para que serve?,1171.0,265,24.6227,6.4,,4,0
Lançamento do livro de 30 anos da EdUFSCar,6317.0,121,23.9128,2.74,,0,0
282ª Reunião Ordinária do Conselho Universitário,7192.0,90,22.9084,7.09,,0,0
UFSCar conta Sua História - Luiz Antônio Tonin,2354.0,324,22.0969,1.77,,0,0
Quero saber – Quais os tipos de assédio mais comuns?,173.0,845,22.0669,5.9,,10,0
ICC Entrevista - Prêmio Nobel de Literatura 2024,482.0,497,21.9238,1.66,,7,0
73ª Reunião Ordinária do Conselho de Administração - CoAd,7640.0,99,21.8781,2.4,,0,0
Quero saber - O que é Linguagem Simples?,546.0,405,21.7793,7.16,,11,0
"Quero saber - Acupuntura, fitoterápicos, aromaterapia: a que - e quem - servem as PICs no SUS?",1061.0,249,21.4551,7.56,,8,0
278ª Reunião Ordinária do ConsUni,14314.0,97,21.4531,1.94,,0,0
80ª Reunião Ordinária do CoACE,9492.0,78,21.4515,0.86,,2,0
Unidade Saúde Escola da UFSCar comemora 20 anos,805.0,479,21.1557,2.51,,0,0
"Max e sua turma em: Descobrindo o Mar - Episódio 3 – Vento quente, chuva fria",750.0,289,21.138,6.32,,1,0
Reitora da UFSCar fala de investimentos na consolidação dos 4 campi da UFSCar,851.0,247,19.9175,1.68,,2,0
Quero saber - O que faz um Gestor Ambiental?,60.0,2029,19.8118,3.4,69.77,7,0
Quero saber - Como e por que a transfobia mata?,843.0,336,19.774,4.36,,2,0
Anita no acervo de Prestes: histórias que viajam no tempo,60.0,1655,19.6114,3.13,81.33,8,0
Reunião Extraordinária do Conselho Universitário,10020.0,73,18.6364,2.19,,0,0
117ª Reunião Ordinária do CoG,12271.0,63,18.5663,0.74,,1,0
Quero saber - Gordofobia: é crime ou é bobagem?,810.0,361,18.5198,3.2,,4,0
Diálogos Avançados - Vida e Energia,6081.0,108,18.4488,1.04,,1,0
113ª Reunião Ordinária do Conselho de Graduação,11250.0,76,18.2752,2.02,,1,0
Quero saber - Livro didático em escola pública: presta ou não presta?,1195.0,252,17.8006,4.06,,6,0
2ª Sessão da 113ª Reunião Ordinária do Conselho de Graduação,8265.0,90,17.6925,3.45,,0,0
Quero saber – De onde surge e como se perpetua o machismo?,716.0,389,17.6328,5.1,,1,0
162a Reunião Ordinária do Conselho de Pós-Graduação da UFSCar,8424.0,104,17.5834,1.84,,-1,0
Conselhos Superiores - Sessão Pública de apuração dos votos,1457.0,218,17.5255,3.86,,2,0
"Diálogos Avançados - Urbanização Planetária, Ecologias e Desigualdades",7361.0,77,16.9847,1.02,,1,0
Inspirando Novas Gerações: O Papel da Educação na Construção de um Futuro Mais Justo,5568.0,91,16.9233,3.93,,1,0
2ª Sessão da 112ª Reunião Ordinária do CoG,6707.0,87,16.3977,1.08,,0,0
Projeto no Colégio de Aplicação da UFSCar envolve crianças na prática de compostagem,327.0,517,16.2676,0.82,,3,0
Reunião Conselho de Ações Afirmativas Diversidade e Equidade (CAADE),7208.0,94,16.204,0.92,,1,0
Conheça a FAI UFSCar!,389.0,386,16.159,4.71,,1,0
Constituição da cédula de votação e lista de votantes,1214.0,361,15.721,2.06,,1,0
I Encontro de pesquisas em terapia ocupacional  PPGTO - UFSCar (1º dia),30286.0,97,15.4099,3.11,,4,0
Quero saber - Esportes Paralímpicos,880.0,315,15.2329,3.53,,2,0
Feira do Livro EdUFSCar - Desbravando uma teoria incógnita: Debate sobre a educação soviética,6726.0,92,15.2094,3.19,,2,0
Live lançamento capacitação 4.0 - 2024,2387.0,146,14.59,1.3,,2,0
"Quero saber – Afinal, o que é ecoturismo?",90.0,776,14.536,10.0,,8,0
Sob o nascer do Sol - Vídeo 1,453.0,413,14.3484,1.47,,2,0
18a. Reunião Ordinária CoGePe,5676.0,83,13.96,1.81,,1,0
UFSCar conta Sua História - Elisabeth Márcia Martucci,2671.0,117,13.439,2.86,,0,0
UFSCar conta Sua História - Carlos Eduardo Santa Maria,3246.0,105,13.2223,2.6,,2,0
Ética na Pesquisa,57.0,750,12.9445,2.02,82.67,2,0
81ª Reunião Ordinária do CoACE,10043.0,71,12.8832,2.35,,0,0
I Encontro de pesquisas em terapia ocupacional PPGTO - UFSCar (2º dia),13216.0,74,12.8813,2.5,,0,0
112ª Reunião Ordinária do CoG,11983.0,109,12.6559,2.39,,0,0
115ª Reunião Ordinária do CoG,7183.0,69,12.5634,2.61,,0,0
Quero saber – O que é a Síndrome de Burnout?,637.0,205,12.4277,2.31,,2,0
156ª Reunião Ordinária do Conselho de Extensão,11396.0,89,12.0568,1.44,,0,0
MESACAST – O Rastro e o Lastro da Poluição Plástica: da Ciência às decisões políticas sobre praias,4148.0,182,11.9713,1.08,,3,0
114ª Reunião Ordinária do Conselho de Graduação,6097.0,152,11.8714,2.66,,0,0
Quero saber – Quais as origens do machismo?,232.0,402,11.7377,4.31,,3,0
Conheça o UFSCar+Escola,416.0,387,11.2653,3.21,,5,0
Reitora da UFSCar avalia anúncio referente ao Novo PAC e à implantação de novos campi no País,878.0,195,11.2499,1.46,,2,0
UFSCar recebe estudantes estrangeiros pelo GCUB-MOB,249.0,359,11.1582,7.21,,6,0
Reunião do Colégio  Eleitoral,3096.0,148,11.1319,3.88,,-1,0
55 anos de UFSCar pelo mundo,373.0,532,10.6689,2.1,,2,0
"Aula Magna da UFSCar com o Ministro dos Direitos Humanos e da Cidadania, Silvio Almeida",6869.0,87,10.5209,6.03,,0,0
"Quero saber - De Dubai a Belém, via Azerbaijão: o que decidem as COPs?",862.0,99,10.4612,1.24,,0,0
Egressos e egressas - Vídeo 2,336.0,439,10.2649,1.4,,1,0
Diálogos Avançados - Abertura - As Ciências Diante do Antropoceno,2711.0,139,10.2552,2.52,,8,0
#16 – Estudos apontam os benefícios de sensores e biossensores eletroquímicos para detecção de doenç,1132.0,154,10.2464,4.03,,2,0
"Qual(is) escola(s), para quem e para o quê? Reflexões sobre Educação brasileira em tempo de pandemia",5855.0,990,10.2177,1.44,,5,0
79ª Reunião Ordinária do CoACE,8127.0,92,10.1301,2.11,,1,0
Diálogos Avançados - Biodiversidade Morte e Vida das Espécies,5597.0,113,10.0801,2.17,,3,0
Dia Internacional das Mulheres e Meninas na Ciência com a cientista Sonia Guimarães,359.0,375,10.0552,1.99,,2,0
Quero saber - E os direitos das pessoas trans no Brasil?,208.0,437,9.8967,4.86,,6,0
71ª Reunião Ordinária do Conselho de Administração,2899.0,64,9.6454,1.9,,0,0
Política de Saúde Mental na UFSCar,694.0,134,9.4731,2.12,,0,0
UFSCar conta Sua História - Luciana Pankararu,3187.0,85,9.3969,2.04,,2,0
Quero saber - Livro didático em escola pública: presta ou não presta?,60.0,1133,9.2581,2.0,67.21,10,0
Hedging Language: A proxy of Deception in public discourse,7527.0,92,9.2517,1.43,,3,0
VOCÊ NA UFSCAR – COMO FAZER A MATRÍCULA?,103.0,565,9.2486,17.76,,8,0
Reitora da UFSCar apresenta obras na Universidade incluídas no Novo PAC,729.0,192,8.7986,1.53,,2,0
Obras do Novo PAC avançam e fortalecem infraestrutura da UFSCar,319.0,284,8.6782,2.19,,2,0
77ª Reunião Ordinária do CoACE,5860.0,75,8.6056,1.1,,0,0
Max and his friends - Discovering the sea: Episode 1 - The sea we breathe,755.0,176,8.5933,3.32,,0,0
Quero saber - Que prejuízos causa a não regulamentação da profissão de Gestor ou Gestora Ambiental?,217.0,258,8.3298,5.42,,5,0
Estudantes falam do papel da Iniciação Científica em sua formação,354.0,630,8.3068,1.12,,0,0
Quero saber: Existe vacina contra a febre maculosa?,189.0,384,8.2852,3.69,,1,0
Quero saber – Como Surgiram os Jogos Paralímpicos?,363.0,238,8.1491,2.44,,3,0
Sob o pôr do Sol - Vídeo 3,501.0,204,7.7829,1.54,,0,0
Reunião extraordinária do Conselho Universitário,1659.0,90,7.7066,4.25,,0,0
78ª Reunião Ordinária CoACE,7813.0,80,7.6496,0.98,,0,0
Pró-Reitoria de Extensão está com quatro editais abertos,357.0,261,7.308,0.89,,1,0
Trilhas da Inovação - Ep.2 - Escala TRL - Grau de maturidade tecnológica,258.0,235,7.118,7.37,,4,0
Quero saber - Quais são os desafios para a implementação segura das PICs no SUS?,170.0,277,7.115,7.5,,4,0
Reunião Extraordinária do Conselho Universitário,5500.0,54,6.9413,1.95,,0,0
161ª Reunião Ordinária do conselho de Pós-Graduação da UFSCar,10578.0,58,6.8052,1.71,,0,0
Quero saber -  Como a doença afeta o cérebro?,269.0,204,6.7367,3.01,,1,0
Físico brasileiro comenta Nobel para a Mecânica Quântica,1295.0,85,6.6538,4.53,,2,0
Estudantes da UFSCar destacam a importância da iniciação científica,499.0,341,6.4827,0.91,,2,0
IV SIMPOSIO DE PESQUISA EM JUVENTUDE NO BRASIL - Abertura,7019.0,32,6.4312,4.31,,0,0
“Boys and girls” e muito mais: projeto da UFSCar interage com estudantes do Ensino Fundamental,328.0,202,6.4091,2.0,,2,0
Quero saber - Gordofobia: é crime ou é bobagem?,60.0,819,6.3156,2.84,66.9,3,0
"Teaser Formaturas São Carlos 2024 - 27, 28 e 29/05/2024",85.0,424,6.2869,6.67,,4,0
Sob o pôr do Sol - Vídeo 3,501.0,164,6.267,0.93,,-2,0
XIII SEGRAD/UFSCar - Abertura | Inserção Curricular da extensão nos cursos de gradua...,7449.0,30,6.2607,5.64,,0,0
"Max and his friends in: Discovering the Sea - Episode 3 – Hot wind, cold rain",750.0,87,6.2352,2.05,,1,0
Quero saber - Linguagem neutra é luta por direitos ou ataque à Língua Portuguesa?,1478.0,76,6.1712,3.58,,0,0
"Inscrições abertas: Programa Doutorado Sanduíche no Exterior (PDSE), da Capes",90.0,388,6.1609,2.04,64.27,10,0
Max and his friends in: Discovering the Sea - Episode 2 – Plastic on its way to the sea,906.0,91,6.1349,1.83,,0,0
"Conexão Federal: Futebóis, diversidade e inclusão, com Osmar Moreira de Souza Júnior",4032.0,102,6.0709,2.7,,3,0
Quero saber - Existem evidências científicas sobre a eficácia das PICs incluídas no SUS?,328.0,148,5.968,6.06,,2,0
74ª Reunião Ordinária do CoAd,2641.0,51,5.9672,2.29,,0,0
Cerimônia de entrega do título de Doutor Honoris Causa a Raduan Nassar,6767.0,43,5.9407,5.32,,0,0
UFSCar adota CadÚnico para comprovação de renda para o SiSU,90.0,416,5.905,6.27,100.0,1,0
UFSCar recebe novos estudantes,207.0,226,5.8523,6.72,,2,0
Boletim de Oportunidades - Oportunidades em Um Minuto #6,102.0,837,5.7923,1.38,,5,0
Como enviar sua sugestão de pauta para os produtos de comunicação da UFSCar?,205.0,354,5.7879,1.44,,3,0
Quero saber - Halloween ou Dia do Saci?,962.0,115,5.6943,6.15,,1,0
Conservação e uso sustentável da água,5544.0,38,5.5674,5.68,,0,0
#2 - Estudo analisa o impacto do fogo nos diferentes ecossistemas brasileiros,1447.0,54,5.4239,6.96,,1,0
Programa de Assistência Estudantil da UFSCar: o processo de ingresso e as perspectivas futuras,5411.0,47,5.3992,9.91,,1,0
Estudo de implantação do novo campus da UFSCar é processo coletivo,261.0,186,5.3878,2.65,,4,0
271ª Reunião Ordinária do ConsUni | UFSCar,11785.0,96,5.371,8.75,,0,0
Idiomas Sem Fronteiras oferece cursos online para comunidade da UFSCar,354.0,157,5.3126,4.31,,0,0
159ª Reunião Ordinária do Conselho de Extensão,4762.0,46,5.2108,0.96,,1,0
Feira do Livro EdUFSCar - Bate-papo com Gabriel Feltran,3721.0,31,4.9461,3.02,,1,0
Você sabia que pode usar a sua nota do Enem para cursar uma universidade federal?,60.0,686,4.9206,3.75,60.88,10,0
2ª Sessão da 117ª Reunião CoG,4180.0,27,4.9174,2.0,,-1,0
"Quero saber - E, como cuidar da nossa saúde?",185.0,338,4.8494,0.0,,3,0
157ª Reunião Ordinária do Conselho de Extensão (CoEx) da UFSCa,3062.0,62,4.8051,3.27,,1,0
Quero saber - Desenvolvimento sustentável: solução ou falácia? (Série Clima – Episódio 2),1204.0,67,4.6157,2.15,,1,0
Monitoramento da biodiversidade na Amazônia reúne cientistas e população que vive da Floresta,477.0,123,4.5172,0.64,,2,0
Quero saber - Quais os efeitos da transfobia na vida das pessoas e na sociedade?,254.0,150,4.2771,2.47,,0,0
149ª Reunião Ordinária do Conselho de Pós-Graduação | CoPG - UFSCar,9568.0,8,4.1685,0.0,,0,0
O papel das universidades na construção da saúde mental universitária e no fortalecimento da RAPS,8168.0,34,4.0766,8.53,,0,0
Presença indígena na UFSCar: 15 anos de história,681.0,86,4.0367,2.95,,1,0
Conselhos Superiores - Constituição das urnas,2746.0,62,3.8953,1.13,,0,0
Restaurante Universitário do Campus São Carlos está com novo visual,158.0,204,3.5093,7.1,,2,0
155ª Reunião Extraordinária do Conselho de Extensão,8894.0,38,3.4905,1.49,,0,0
UFSCar conta Sua historia - Cláudia de Moraes Barros Ramalho,1469.0,97,3.4742,1.29,,1,0
EMBRAPII E INOVAÇÃO NA UFSCar: O que é? Como fazer?,388.0,74,3.4645,3.08,,1,0
Quero saber – O que é voyeurismo e o que isso tem a ver com reality shows?,822.0,79,3.4644,2.27,,1,0
Quero saber – Idade é documento?,60.0,490,3.4129,1.03,59.32,6,0
Idiomas sem Fronteiras - Inglês,246.0,152,3.3593,6.3,,0,0
Quero saber - Linguagem neutra é luta por direitos ou ataque à Língua Portuguesa?,60.0,305,3.3071,2.04,69.3,0,0
Quero saber - Como ser feliz no momento presente?,182.0,168,3.2517,1.92,,1,0
Quero saber - Por que e como publicar um livro científico por uma editora internacional?,817.0,66,3.224,2.95,,1,0
SiSU/2021 -Tirando Dúvidas,5608.0,8,3.2087,2.42,,0,0
Biblioteca infantil na BCo UFSCar,58.0,397,3.1865,2.5,60.7,2,0
Boletim de Oportunidades - Oportunidades em Um Minuto #4,120.0,275,3.1608,1.37,,2,0
"Conexão Federal: Mulheres da família Prestes, com Anita Prestes",60.0,213,3.0963,2.23,78.02,0,0
10 anos do Campus Lagoa do Sino,192.0,106,3.0828,40.82,,2,0
Na Pauta #55,3262.0,69,3.0469,3.92,,1,0
160ª Reunião Ordinária do CoEx,4011.0,48,2.9966,1.47,,0,0
"Quero Saber: Afinal, é possível alcançar um equilíbrio entre desenvolvimento e sustentabilidade?",457.0,98,2.9218,2.79,,0,0
Herbicida sustentável: UFSCar pesquisa alternativa ecológica para o controle de plantas invasoras,286.0,94,2.9108,2.1,,1,0
UFSCar na Área,1337.0,79,2.874,2.31,,0,0
Hino Nacional Libras,303.0,97,2.8712,3.12,,2,0
Cerimônia de Posse: Nova Equipe de Gestão UFSCar,8809.0,39,2.8703,17.05,,0,0
99ª Reunião Ordinária do Conselho de Graduação (CoG),12994.0,3,2.8701,6.0,,0,0
Quero saber – Qual o caminho da felicidade?,703.0,52,2.8671,0.84,,1,0
Quero saber - Como combater o etarismo?,144.0,138,2.851,5.78,,0,0
Quero saber - O que é a região Neotropical?,199.0,85,2.8369,4.67,,2,0
Quero saber - Como combater a transfobia?,179.0,116,2.8141,3.45,,1,0
Boletim de Oportunidades – 3ª Chamada do Proeduca - Denise Silva Vilela,213.0,154,2.8026,0.79,,1,0
"Sentir ou não sentir...: sinal, sensor e significado em materiais e no corpo humano",5572.0,171,2.7773,1.56,,1,0
Formatura Campus São Carlos - CCBS I - 27/05/2024,168.0,148,2.7453,0.0,,0,0
Quero saber - Quais são os sintomas e as formas de diagnóstico e de recuperação?,198.0,268,2.7427,2.51,,1,0
Quero saber - Como e quando surgiu o ecoturismo?,292.0,57,2.6557,4.59,,1,0
Redução de danos e combate às violências nas festas universitárias,3788.0,18,2.6459,3.7,,0,0
Boletim de Oportunidades-Egresso da UFSCar fala sobre a importância do PIPE-Fapesp para sua empresa,166.0,140,2.6272,1.44,,1,0
Reunião Extraordinária do Conselho Universitário 07/12  - ConsUni UFSCar,8978.0,6,2.5959,0.83,,0,0
148º Reunião Ordinária do Conselho de Pós-Graduação | CoPG - UFSCar,10899.0,6,2.5772,0.0,,0,0
Próxima Gestão: Reitora e Vice-Reitora são indicadas pelo Colégio Eleitoral,653.0,67,2.5627,0.59,,1,0
Fazenda Produtiva - UFSCar Lagoa do Sino,166.0,125,2.5535,9.47,,1,0
27 anos da Biblioteca Comunitária da UFSCar,367.0,93,2.518,8.79,,1,0
151ª Reunião Ordinária do conselho de Pós-Graduação | CoPG UFSCar,8189.0,9,2.4827,0.48,,0,0
Eleição para discentes no CoG - Apuração,466.0,111,2.4776,0.9,,-1,0
Parcerias entre Universidade e Empresas resultam em Inovações para a sociedade,385.0,72,2.4665,4.14,,0,0
21ª Edição da Feira de Oportunidades mobiliza 3 mil pessoas,317.0,154,2.4624,0.58,,0,0
IV SIMPOSIO DE PESQUISA EM JUVENTUDE NO BRASIL - Mesa 5,7350.0,10,2.4342,1.6,,0,0
147ª Reunião Ordinária do CoPG | UFSCar,8287.0,9,2.3977,4.82,,0,0
VOCÊ NA UFSCAR –  CONHEÇA O SiSU,93.0,138,2.3448,5.22,,0,0
Formatura Campus São Carlos - CCBS III - 27/05/2024,156.0,119,2.3188,,,0,0
Formatura Campus Lagoa do Sino - 29/06/2024,287.0,84,2.3029,0.0,,3,0
Professora Arlene Corrêa fala sobre o PITE-Fapesp,198.0,121,2.2982,1.55,,1,0
Reunião do Conselho de Administração (CoAd),8592.0,40,2.2915,10.61,,0,0
Sessão solene de outorga do título de Doutor Honoris Causa a Dermeval Saviani,9120.0,13,2.2878,3.53,,0,0
Transfobia não cabe na UFSCar,131.0,120,2.2372,1.41,,1,0
Quero saber – Como combater o machismo?,74.0,276,2.2328,7.01,,1,0
"Inscrições abertas: Programa Doutorado Sanduíche no Exterior (PDSE), da Capes",90.0,189,2.1241,1.96,,2,0
EdUFSCar no Ar #5,4150.0,24,2.1158,9.62,,1,0
"Mesa Redonda ""Saúde Mental  Antirracista"" | Novembro Negro UFSCar",10807.0,18,2.1138,3.25,,1,0
2a. Conferência do ciclo “Universidade para o Futuro:  Juventudes: novos desafios do conhecimento.,9843.0,30,2.1026,3.58,,0,0
Quero saber – Idade é documento?,909.0,140,2.0847,0.0,,2,0
Trilhas da Inovação - Ep.1 - Primeiros passos para registrar uma patente,349.0,82,2.079,3.78,,0,0
Grupos da UFSCar é selecionado para apresentação sobre ciência em evento internacional,340.0,49,2.042,1.42,,2,0
Quero saber – O que é voyeurismo e o que isso tem a ver com reality shows?,59.0,221,2.0264,2.87,65.98,1,0
150ª Reunião do Conselho de Pós-Graduação | CoPG UFSCar,5642.0,8,2.0202,4.26,,0,0
Tutorial: como solicitar o uso do nome social na UFSCar,82.0,212,2.0132,7.25,,1,0
"Quero saber: Afinal de contas, quem causa a febre maculosa?",886.0,37,1.9923,6.05,,0,0
Eleição de representantes do CoGePe - Constituição das Urnas,993.0,31,1.9844,1.41,,0,0
VOCÊ NA UFSCAR – CONHEÇA OS CURSOS DA FEDERAL,80.0,154,1.9412,5.22,,0,0
UFSCar de Todos os Povos - Etnia Atikum,172.0,87,1.9359,3.93,,2,0
"Ciência UFSCar - Crise hídrica e matriz energética: Brasil em 2001, 2014, 2021, 2022...",5797.0,8,1.9256,0.41,,0,0
Quero Saber- Dia de Finados e Dia de los Muertos: o que colonizadores e a Igreja Católica tem a ver?,265.0,103,1.9177,1.66,,0,0
Quero saber – O que é a Síndrome de Burnout?,60.0,202,1.9136,0.82,58.33,0,0
9ª Reunião Ordinária do Conselho de Pessoas (CoGePe),9371.0,5,1.9119,0.0,,0,0
"Quero saber – O que aconteceu com o clima no Brasil, nos últimos 60 anos?",346.0,138,1.891,0.64,,0,0
Quero saber - Como é a trajetória do Brasil nos Jogos Paralímpicos?,297.0,48,1.8829,0.39,,0,0
EdUFSCar no Ar #12,4031.0,8,1.8695,3.16,,0,0
274ª Reunião Ordinária do Conselho Universitário | ConsUni UFSCar,11538.0,26,1.8655,4.32,,0,0
17ª Reunião Ordinária do Conselho de Gestão de Pessoas | CoGePe UFSCar,7691.0,17,1.829,1.64,,0,0
2ª Sessão da 1ª Reunião Extraordinária do Conselho de Extensão (CoEx) da UFSCar no ano de 2022,11204.0,8,1.8015,17.65,,0,0
UFSCar de Todos os Povos - Filippo Ghiglieno,230.0,58,1.8004,5.36,,0,0
Quero saber - Por que precisamos de profissionais de Gestão Ambiental?,260.0,67,1.8,2.42,,0,0
Quero saber - Halloween ou Dia do Saci?,60.0,210,1.7949,1.84,67.88,2,0
Biblioteca do Campus Lagoa do Sino ganha acervo de Raduan Nassar,237.0,54,1.7927,4.11,,1,0
270ª Reunião Ordinária  do Conselho Universitário (ConsUni),12706.0,32,1.7865,2.23,,0,0
Retorno total das atividades presenciais na UFSCar,328.0,66,1.7702,5.03,,1,0
"Quero saber - A população está envelhecendo, e agora?",385.0,46,1.7612,0.27,,0,0
Plataforma Alumni - Rede social criada para fortalecer a comunidade UFSCar completa um ano,143.0,125,1.7359,0.91,,1,0
Encontro Internacional de Ciência Política Computacional,225.0,129,1.7322,0.87,,0,0
Reunião Extraordinária do Conselho Universitário - 18/12 | ConsUni UFSCar,10113.0,14,1.7271,1.83,,0,0
T2 #9 - Pesquisa investiga acúmulo de mutações no DNA mitocondrial com a idade,1321.0,14,1.7271,1.71,,0,0
Quero saber - Como e por que a transfobia mata?,60.0,178,1.7246,1.34,47.85,0,0
Depoimento Ângela Lopes - Transformação,407.0,69,1.7073,9.93,,1,0
UFSCar inicia processo de renaturalização na região da transfederônica,59.0,286,1.702,1.86,64.21,1,0
Dossiê – Oceano em Risco – Entrevista com Dayana Moscardi,337.0,72,1.6796,0.86,,1,0
Por que e como publicar um livro científico por uma editora internacional?,60.0,170,1.6613,2.06,64.02,1,0
Ciência UFSCar - Satélites brasileiros: de CubeSats ao Amazônia-1,5692.0,12,1.6545,2.57,,0,0
VOCÊ NA UFSCAR – SAIBA COMO INGRESSAR NA UNIVERSIDADE,55.0,180,1.6536,8.95,,0,0
Anita Prestes visita a UFSCar e inaugura mostra sobre Olga e Luís Carlos Prestes,59.0,325,1.6449,1.27,58.85,0,0
Trilhas da Inovação - Ep.6 – Desenho industrial,370.0,55,1.6213,3.17,,0,0
75º Reunião Ordinária do Conselho de Assuntos Comunitários e Estudantis | CoACE  UFSCar,9880.0,21,1.611,6.6,,0,0
Feira do Livro EdUFSCar - Bate-papo com Aline Bei,3695.0,10,1.5567,5.79,,0,0
Idiomas sem Fronteiras - Espanhol,164.0,73,1.5562,4.41,,0,0
Quero saber - Fitoterápicos funcionam? Quais são vantagens e desvantagens?,304.0,42,1.5518,4.08,,0,0
HU-UFSCar inaugura 29 leitos de enfermaria e dez de UTI Pediátrica,269.0,52,1.5116,4.23,,1,0
Quero saber - O que é e como prevenir a Doença Pulmonar Obstrutiva Crônica?,60.0,148,1.4819,1.13,62.5,1,0
Quero saber - Esportes Paralímpicos,60.0,225,1.4668,1.07,44.17,0,0
Boletim de Oportunidades - Edital ProEx de Atividades Culturais 2025,102.0,125,1.4512,1.44,27.65,0,0
EdUFSCar No Ar #10,3851.0,9,1.4316,4.04,,0,0
Capacitismo não cabe na UFSCar,128.0,78,1.4272,2.14,,2,0
Quero saber - Quem decide qual paciente recebe um coração disponível para transplante?,723.0,29,1.3907,2.73,,0,0
Depoimento Nicholas Baladore - Transformação,337.0,44,1.3761,4.98,,0,0
"Conexão Federal: Internacionalização, com Márcio Weber Paixão",3497.0,32,1.3726,0.9,,0,0
"Aula Magna ""Ciência, Sonho e Construção de Futuro""",4457.0,15,1.3353,2.13,,0,0
#9 DIA INTERNACIONAL DAS MULHERES E MENINAS NA CIÊNCIA   ELISHA SILVA DE JESUS,1602.0,28,1.3328,7.35,,0,0
"Trilhas da Inovação - Ep.3 – Relatório, COEPI e INPI",344.0,33,1.3155,4.65,,1,0
"UFSCar cria variedades de alimentos e plantas, no campus Araras",387.0,36,1.3028,1.77,,1,0
Quero saber - O que é e como prevenir a Doença Pulmonar Obstrutiva Crônica?,556.0,25,1.2914,2.05,,1,0
Boletim de Oportunidades - Fábrica de Ideias,69.0,140,1.291,1.13,61.11,2,0
#14 – Estudo avalia riscos trazidos por obesidade abdominal e perda de força muscular em idosos,1457.0,11,1.2846,2.47,,0,0
Max y sus amigos en: Descubriendo el Mar - Episodio 2 – Plástico camino al mar,906.0,35,1.275,1.2,,0,0
UFSCar realiza Feira de Oportunidades,269.0,38,1.2723,4.16,,0,0
Formatura Campus São Carlos - CCET II - 28/05/2024,243.0,62,1.2634,10.0,,0,0
VOCÊ NA UFSCAR -  TEM RESERVA DE VAGAS?,126.0,63,1.2581,5.25,,0,0
275ª Reunião Ordinária do Conselho Universitário - continuação,13447.0,11,1.2379,1.76,,0,0
Anaí Floriano Vasconcelos,210.0,53,1.2314,1.65,,0,0
Depoimento Alex Kreibich - Transformação,432.0,26,1.229,2.83,,0,0
Quero saber - O ecoturismo é um modo diferente de fazer turismo?,189.0,34,1.1922,0.27,,0,0
Formatura Campus São Carlos - CECH I - 29/05/2024,211.0,64,1.189,0.0,,0,0
Idiomas sem Fronteiras - Português para Estrangeiros,195.0,54,1.1692,2.27,,2,0
Conexão Federal - Dor Crônica: Mariana Avila,3839.0,42,1.1543,1.83,,0,0
Quero saber - Como a medicina define a Síndrome de Burnout?,161.0,62,1.1512,1.87,,2,0
Formatura Campus São Carlos - CCET III - 28/05/2024,139.0,66,1.1359,0.0,,0,0
Acervos e coleções: do passado na memória a futuros diversos pela pesquisa e formação,5704.0,7,1.1298,1.85,,1,0
Depoimento Jéssica Athos - Transformação,373.0,35,1.1143,3.1,,0,0
UFSCar retoma realização presencial da colação de grau,216.0,52,1.1082,6.14,,0,0
Quero saber - A ciência já descobriu a fórmula da felicidade?,188.0,42,1.1072,1.83,,1,0
"Ana Beatriz de Oliveira, Reitora da UFSCar, fala sobre encontro com o Papa Francisco",60.0,186,1.0969,2.5,57.52,1,0
Trilhas da Inovação - Ep.4 – Licenciamento de tecnologias,398.0,35,1.0885,5.52,,0,0
"Max y sus amigos en: Descubriendo el Mar - Episodio 3 – Viento caliente, lluvia fría",750.0,31,1.0755,0.9,,0,0
Na Pauta #50,3610.0,17,1.0661,10.81,,0,0
Os estudantes da UFSCar precisam da sua ajuda!,303.0,45,1.0308,4.7,,0,0
Ricardo Cerri,393.0,46,1.0288,9.4,,0,0
Quero saber - De Aristóteles até a Psicologia Positiva: Como evoluiu a noção de felicidade?,137.0,30,1.0231,1.22,,1,0
Ciência UFSCar: Mudanças climáticas - impactos em águas e pastos,5477.0,19,1.0078,3.5,,0,0
EdUFSCar No AR #7,4206.0,16,1.0009,15.52,,0,0
VOCÊ NA UFSCAR – QUAIS SÃO AS NOTAS DE CORTE?,67.0,99,0.9949,9.73,,0,0
"Alumni UFSCar: Ângelo Fernando Padilha, formado em Engenharia de Materiais na UFSCar",85.0,64,0.9746,5.34,,0,0
UFSCar inaugura complexo de laboratórios,220.0,67,0.9728,7.39,,1,0
Trilhas da Inovação - Ep.8 – Programa de Computador,384.0,33,0.9726,3.67,,0,0
Quero Saber – Desenvolvimento sustentável: solução ou falácia?,60.0,82,0.9709,0.82,71.25,2,0
Combate à violência de gênero e cultura da paz: desafios para a universidade pública brasileira,7008.0,16,0.9662,4.65,,0,0
Reitoria e ProAd apresentam cenário orçamentário da UFSCar para 2024 e balanço de 2023,2034.0,17,0.9627,0.56,,0,0
Max e sus amigos - Descobriendo el mar: Episodio 1 - El mar que respiramos,755.0,51,0.9625,1.55,,0,0
Depoimento Fernanda Marciano – Transformação,292.0,48,0.9622,2.25,,1,0
"Alumni UFSCar: Edinaldo dos Santos Rodrigues, formado em Psicologia pela UFSCar.",241.0,57,0.9562,3.83,,1,0
"Luiz Antonio Pessan, professor da UFSCar, é o novo diretor de Programas e Bolsas no País da CAPES",360.0,44,0.9449,0.66,,0,0
Conheça o Núcleo de Pesquisa e Desenvolvimento em Tecnologia Assistiva do Campus Sorocaba da UFSCar,309.0,44,0.9422,3.17,,1,0
Depoimento Alice Agnes - Transformação,321.0,35,0.9391,2.44,,1,0
News - Boletim de Oportunidades #7,117.0,52,0.9368,2.34,,0,0
"Discriminação não cabe na UFSCar! Aprenda, ensine: violência é crime!",88.0,92,0.9139,4.17,,0,0
Laboratório da UFSCar desenvolve pesquisas sobre osteoartrite de joelho,452.0,29,0.9139,3.56,,0,0
Feira do Livro EdUFSCar - Palestra: Jorge Amado - Uma biografia,3620.0,6,0.9096,2.0,,0,0
30º Congresso de Iniciação Científica - UFSCar,715.0,42,0.8993,3.93,,0,0
Tutorial - Como participar do Guardiões da Saúde,238.0,57,0.8938,5.11,,1,0
T2 #6 - Linguística popular valoriza e torna mais acessíveis os saberes linguísticos de não especial,1470.0,7,0.8885,3.88,,0,0
Na Pauta #42,5420.0,2,0.8827,0.0,,0,0
Quero saber - O quê explica Tarcísio decidir não usar os livros distribuídos pelo Governo Federal?,365.0,25,0.8803,3.62,,0,0
"Alumni UFSCar: Rieli Tomaz da Silva, estudante do curso de Engenharia Agronômica da UFSCar",185.0,40,0.88,8.17,,0,0
"XII SEGRad - Abertura: Extensão Universitária na Graduação: história, diretrizes e experiências",10116.0,10,0.8792,5.45,,0,0
Laboratório de Talentos inspira meninas para trilharem seus caminhos profissionais,324.0,72,0.8774,1.52,,1,0
Eleição para discentes no CoG - Constituição das Urnas,538.0,33,0.8725,0.44,,0,0
#7 – Teste inédito pode ajudar a eliminar hanseníase,1359.0,12,0.8708,1.36,,0,0
65ª Reunião Ordinária do Conselho de Administração (CoAd),12215.0,10,0.8509,1.82,,0,0
"As possibilidades de Ensino, Pesquisa e Extensão Universitária a partir das experiências estudantis",5222.0,20,0.8436,3.28,,0,0
Quero saber - Como os comportamentos se manifestam?,288.0,25,0.8401,1.75,,1,0
Depoimento Lê Fernandes - Transformação,462.0,22,0.8372,5.34,,0,0
T2 #5 - Jogo educativo leva temática indígena para crianças de 5 a 10 anos,1628.0,13,0.8332,4.29,,1,0
"Quero saber - Acupuntura, fitoterápicos, aromaterapia: a que - e quem - servem as PICs no SUS?",59.0,96,0.8307,1.51,62.14,1,0
110ª Reunião Ordinária d Conselho de Graduação | CoG UFSCar,11920.0,48,0.8271,9.06,,1,0
Boletim de Oportunidades - Oportunidades em Um Minuto #2,142.0,65,0.8235,1.34,28.57,0,0
HU-UFSCar inaugura Unidade de Pesquisa Clínicas,240.0,35,0.8232,1.69,,0,0
Teaser Formaturas Sorocaba 2024 - 17/07,46.0,89,0.8211,0.0,,0,0
15 Anos da Rádio UFSCar,910.0,18,0.8096,2.91,,0,0
Boletim de Oportunidades – 3ª Chamada do Proeduca - Profa Tathiane Milaré,128.0,80,0.7935,1.0,23.67,0,0
#9 – Processo de financeirização da indústria automotiva ajuda a compreender saída da Ford do Brasil,1434.0,8,0.7926,4.17,,0,0
EMBRAPII E INOVAÇÃO NA UFSCar: O que é? Como fazer?,59.0,86,0.7815,1.66,61.76,0,0
EMBRAPII-UFSCar promove parceria entre Universidade e empresas,235.0,34,0.7786,5.0,,0,0
Formatura Campus Araras - CCA - 31/08/2024,356.0,46,0.7734,0.0,,0,0
"Fala, cientista! - Pesquisas Eleitorais - 04/12",97.0,56,0.7438,3.25,,1,0
"Marcus Vinicius Batista Nascimento, novo secretário da SAADE fala sobre  antirracismo da UFSCar",170.0,46,0.7339,1.65,,1,0
#5 – Maior parte da população brasileira é contrária ao fechamento do STF,1459.0,22,0.7302,3.19,,0,0
I Encontro Fonaprace Sudeste 2022 - Manhã,16638.0,6,0.7179,2.27,,0,0
Programa Capes/Brafitec apoia intercâmbio de estudantes de graduação entre Brasil e França,85.0,60,0.7104,5.15,,0,0
Quero saber - Admitir mudanças na língua que as pessoas falam é desestruturar a Língua Portuguesa?,649.0,18,0.7088,1.56,,0,0
275ª Reunião Ordinária do Conselho Universitário,10462.0,9,0.7069,3.98,,0,0
Boletim de Oportunidades - SBPC abre inscrições para o Prêmio Carolina Bori,68.0,70,0.7046,1.05,,0,0
Mesa redonda | Reforma psiquiátrica: desafios atuais para o SUS e para as universidades,7901.0,19,0.6992,4.11,,0,0
Quero saber - Genética da Conservação: o que é e para que serve?,60.0,92,0.6977,1.31,49.04,0,0
Teaser Formaturas UFSCar Araras 2024 - 31/08,74.0,50,0.6933,0.0,,0,0
Quero saber - O ecoturismo enquanto mercado. E agora?,218.0,24,0.6855,3.08,,0,0
Daiane Aparecida Zuanetti,207.0,50,0.684,7.41,,0,0
Trilhas da Inovação - Ep.9 – A Agência de Inovação da UFSCar,257.0,28,0.6791,2.68,,0,0
"Fala, cientista! - Pesquisas Eleitorais - 05/12",158.0,27,0.6779,4.97,,0,0
Formatura Campus São Carlos - CECH II - 29/05/2024,173.0,43,0.6742,8.33,,0,0
#4 DIA INTERNACIONAL DAS MULHERES E MENINAS NA CIÊNCIA   ANA CRISTINA JUVENAL DA CRUZ,1724.0,11,0.6688,3.14,,0,0
Conexão Federal - EdUFSCar : Oswaldo Truzzi e Wilson Alves-Bezerra,4014.0,21,0.6664,4.82,,0,0
Inclusão de colaboradores com deficiência nos Restaurantes Universitários da UFSCar,264.0,32,0.6657,5.15,,0,0
Trilhas da Inovação - Ep.7 – Cultivar,353.0,20,0.6607,3.51,,0,0
#19 - Diferentes linhagens de HIV e as políticas públicas de combate,1421.0,4,0.6597,1.83,,0,0
"Fala, cientista! - Pesquisas Eleitorais - 07/12",360.0,13,0.6526,2.84,,0,0
E o que Desenvolvimento Sustentável tem com as negociações para enfrentar a emergência climática?,388.0,27,0.6523,1.76,,1,0
"Ana Beatriz de Oliveira, Reitora da UFSCar, fala sobre os seis meses do lançamento do portal Alumni",261.0,41,0.6187,2.31,,1,0
Construindo a Política Cultural da UFSCar,5599.0,10,0.617,0.94,,0,0
"Sementes da Cultura Científica - Adilson de Oliveira, Departamento de Física",593.0,18,0.6169,0.09,,1,0
"Vida Universitária: o dia a dia acadêmico (ProGrad, SEaD, SIBi, SRinter, EDUFSCar)",5405.0,12,0.6167,3.97,,0,0
Práticas inovadoras no ensino de ciências e divulgação científica junto ao público infanto-juvenil,295.0,30,0.6114,5.92,,0,0
A homofobia não cabe na UFSCar,106.0,42,0.6088,1.07,,0,0
UFSCar de Todos os Povos - Lejzer Castro,155.0,38,0.5968,6.3,,0,0
Quero saber - Nascemos predispostos à felicidade ou é possível aprender a ser feliz?,178.0,29,0.5883,1.19,,0,0
14ª Reunião Extraordinária - CoGePe,145.0,39,0.5869,1.56,,0,0
Quero saber – Assédio: quais as faces desse mal?,746.0,10,0.5862,2.86,,0,0
EdUFSCar completa 30 anos de história,2006.0,7,0.5849,0.0,,0,0
Quero saber - Que mistérios - e crimes! - a Genética da Conservação ajuda a resolver?,435.0,13,0.5792,0.8,,1,0
#8 – Conheça o veleiro que viaja os oceanos do mundo fazendo pesquisa,1558.0,4,0.5764,0.0,,0,0
Quero saber - Por que a gordofobia causa sofrimento?,246.0,21,0.5749,4.4,,1,0
Quero saber - Não sou fluente em Inglês. Como vou publicar um livro por uma editora internacional?,236.0,24,0.5716,1.0,,0,0
Depoimento Augusta Neves - Transformação,329.0,16,0.5665,3.73,,0,0
Edital ProGrad Nº 20 de 8 de janeiro de 2024 traduzido em Língua Brasileira de Sinais,11873.0,64,0.5643,2.5,,0,0
Formatura Campus São Carlos - CCET I - 28/05/2024,103.0,56,0.5618,16.67,,0,0
UFSCar promove 1ª Feira da Visibilidade Trans e Travesti,266.0,41,0.5516,0.84,,0,0
Formatura Campus Sorocaba - CCGT - 17/07/2024,149.0,32,0.5507,0.0,,0,0
Alumni UFSCar - Conheça a nova página inicial,92.0,51,0.5409,1.43,,2,0
Calourada 2023,198.0,60,0.5398,9.13,,0,0
30 anos do projeto Trilha da Natureza da UFSCar,317.0,21,0.5385,6.06,,0,0
7a Semana dos Estudantes Indígenas da UFSCar,160.0,27,0.5264,7.35,,0,0
"Alumni UFSCar: Anna Cláudia Sentanin, formada em Fisioterapia na UFSCar",143.0,23,0.5236,3.52,,0,0
Depoimento Cae Pereira - Transformação,443.0,15,0.5203,0.72,,0,0
Quero saber: Como prevenir a febre maculosa?,241.0,31,0.5201,2.11,,0,0
"Racismo, homofobia, desigualdade e extermínio: os impasses da atuação do Estado",5508.0,19,0.5135,4.84,,0,0
"NIASE: 20 anos de sonhos, ciência e transformação social",8345.0,36,0.5116,12.73,,0,0
UFSCar sedia novo INCT em Biodiversidade e Uso Sustentável de Peixes Neotropicais,375.0,13,0.5042,2.11,,0,0
"Reitora, Ana Beatriz de Oliveira, participa de evento na Câmara Municipal de Sorocaba",33.0,119,0.5037,1.36,51.37,2,0
T2 #1 - Bioeconomia circular e a produção de materiais avançados,1412.0,15,0.501,4.31,,0,0
Avanços e desafios para além da Lei Maria da Penha,7813.0,12,0.4989,10.53,,0,0
“Ciência em Movimento” – cientistas da UFSCar e da USP divulgam suas pesquisas no transporte público,457.0,37,0.4934,1.05,,0,0
Viviane Melo de Mendonça,140.0,24,0.4829,2.21,,0,0
Francisco Coury,225.0,19,0.4754,6.86,,0,0
Edital 2023 - Eleição de representantes junto aos conselhos superiores | Apuração,1643.0,8,0.4686,1.99,,0,0
Reunião Extraordinária do Conselho Universitário | ConsUni UFSCar,11265.0,11,0.4681,8.62,,0,0
XII SEGRad - Curricularização da Extensão: experiências institucionais,11270.0,7,0.4673,2.86,,0,0
Quero saber – De onde surge e como se perpetua o machismo?,60.0,51,0.4671,1.18,44.29,1,0
Reunião Extraordinária do Conselho Uniersitário - 12/12 | ConsUni UFSCar,10393.0,14,0.4663,2.87,,0,0
Boletim de Oportunidades - Oportunidades em Um Minuto #1,104.0,42,0.4659,1.52,38.1,0,0
Alumni UFSCar - Como criar/ gerenciar Grupos - Comunidades,419.0,25,0.4657,0.0,,0,0
O Machismo não cabe na UFSCar!,128.0,23,0.4656,3.52,,0,0
Eleição de representantes do CoGePe - Apuração,471.0,13,0.4654,0.97,,0,0
Quero saber - Por que o Governo não produz seu próprio livro didático ?,368.0,12,0.4654,1.4,,0,0
UFSCar de todos os povos! Wéllima Timóteo de Lima - Estudante indígena da etnia Xukuru de Ororubá,77.0,28,0.4619,4.81,,1,0
UFSCar de Todos os Povos - Mamadú Saliu Djaló,113.0,27,0.4582,3.1,,1,0
"Quero saber: Afinal de contas, quem causa a febre maculosa?",255.0,12,0.4442,0.9,,0,0
O Racismo não cabe na UFSCar!,94.0,28,0.4416,5.96,,0,0
Pesquisa da UFSCar vence Prêmio Capes de Tese,46.0,74,0.4407,3.32,,0,0
Roberta Cerasi Urban,269.0,28,0.4393,4.84,,1,0
T2 #2 - Diferença entre mão direita e mão esquerda e a busca de vacinas mais eficazes,1078.0,33,0.4387,0.85,,0,0
UFSCar apresenta novidades na área de gestão ambiental e sustentabilidade,544.0,11,0.4374,2.46,,1,0
Alumni UFSCar - Como postar ou encontrar eventos,108.0,70,0.4368,,,0,0
NA PAUTA ENTREVISTA - OBSERVA SANCA,1680.0,8,0.4364,1.09,,0,0
"TBT Aula Magna da UFSCar com o Ministro dos Direitos Humanos e da Cidadania, Silvio Almeida",45.0,87,0.4308,1.19,51.97,0,0
Já está disponível o aplicativo Alumni UFSCar #shorts,59.0,62,0.43,0.46,55.56,1,0
Trilhas da Inovação - Ep.5 – Know-how,314.0,14,0.4296,2.38,,0,0
Depoimento Iago Costa - Transformação,302.0,30,0.429,1.85,,0,0
"Quero saber – Etarismo, quais suas origens e impactos?",167.0,17,0.427,1.13,,0,0
1ª Reunião Extraordinária do Conselho de Extensão (CoEx) da UFSCar do ano de 2023,14112.0,5,0.4233,7.55,,0,0
Quero saber - Mas eu ainda estou no começo da minha carreira na Ciência! Já posso publicar um livro?,331.0,40,0.423,1.24,,0,0
8º Congresso do Colégio dos Gestores da Comunicação das universidades federais | Dia 09.11 - Manhã,12808.0,7,0.4225,0.0,,0,0
Quero saber – Assédio: quais as faces desse mal?,60.0,39,0.4225,0.5,37.78,0,0
Formatura Campus São Carlos - CECH III - 29/05/2024,114.0,59,0.4176,0.0,,0,0
Depoimento Victória Ayumi - Transformação,254.0,26,0.4175,3.57,,0,0
Cerimônia de entrega do Título de Doutor Honoris Causa para Dermeval Saviani,334.0,18,0.4153,4.46,,0,0
30º Congresso de Iniciação Científica - UFSCar - Dia 13/11,241.0,35,0.4102,1.63,,0,0
UFSCar de todos os povos! Natalia Andrea Viana Bedoya - Professora do Dep. de Matemática da UFSCar,169.0,27,0.4098,2.2,,0,0
Equipe da Pró-Reitoria de Administração fala sobre desafios e conquistas nos dois anos de gestão,389.0,15,0.4047,3.19,,0,0
T2 #4 - Pesquisadores redescobrem espécie de perereca considerada extinta,1341.0,8,0.4043,3.85,,0,0
Quero saber - Estou sendo gordofóbico?,402.0,13,0.4032,1.02,,0,0
NEEDS da UFSCar cria Programa de Computador para mapear APP,364.0,10,0.396,2.98,,0,0
Reitoria esclarece sobre revogação de lista,1569.0,15,0.3913,0.48,,0,0
EdUFSCar no Ar #3,3558.0,11,0.3897,7.69,,0,0
Depoimento Marc Tristão - Transformação,277.0,14,0.3839,2.86,,0,0
#Mesa5 - UFSCar Marchando para Transformar Ciência em Qualidade de Vida,2316.0,8,0.3822,2.5,,1,0
Quero saber - Como prevenir a doença? E qual o papel das organizações?,207.0,39,0.3817,2.11,,0,0
"Conheça o trabalho da UAC, em atividade há 30 anos na UFSCar.",200.0,16,0.3799,4.23,,0,0
Dia de valorização da universidade pública,496.0,16,0.3786,2.33,,0,0
Equipe ProACE fala sobre ações de assistência durante a pandemia e novas conquistas em Saúde Mental,458.0,9,0.3778,3.94,,2,0
TBT 2ª Feira da Visibilidade Trans e Travesti na UFSCar,91.0,54,0.3775,1.6,,0,0
11ª Reunião Ordinária do Conselho de Gestão de Pessoas (CoGePe),10762.0,4,0.377,0.0,,0,0
Agroecologia: potencialidades e desafios,2224.0,5,0.3769,0.85,,0,0
Reitoria lança projeto UFSCar + 5 para elaboração do novo PDI,131.0,17,0.3741,3.86,,0,0
#1 – Fibra de PET reciclado pode ajudar no combate à Covid-19,1172.0,15,0.3719,1.54,,0,0
"Boletim de Oportunidades - Capes abre inscrições para a Cátedra Rio Branco, no King's College London",70.0,47,0.3702,1.75,35.0,0,0
Boletim de Oportunidades - Oportunidades em Um Minuto #3,111.0,57,0.3662,0.98,28.1,0,0
Quero saber - Porque a gravidade do quadro de saúde de Fausto Silva levou o coração até ele?,169.0,25,0.3653,1.16,,1,0
#6 DIA INTERNACIONAL DAS MULHERES E MENINAS NA CIÊNCIA   CAROLINA RODRIGUES DE SOUZA,2317.0,7,0.3637,1.15,,0,0
"Quero saber - Afinal, assistir ao BBB é um comportamento voyeurístico?",265.0,16,0.3596,1.9,,0,0
29º Congresso de Iniciação Científica e Tecnológica da UFSCar – CIC-CIDTI-CIC-EM/UFSCar,8694.0,18,0.3593,6.02,,0,0
Dia Mundial da Saúde - Aspectos epidemiológicos da varíola dos macacos,1292.0,3,0.3583,2.11,,0,0
150º Reunião Ordinária do Conselho de Extensão | CoEx UFSCar,7429.0,10,0.3576,3.45,,0,0
#8 DIA INTERNACIONAL DAS MULHERES E MENINAS NA CIÊNCIA   SAMARA SABINO,1507.0,6,0.3574,4.84,,0,0
Quero saber - Quais os benefícios da prática do ecoturismo?,107.0,24,0.3573,3.9,,0,0
